institution_id,field_name,canonical_value,incoming_value,canonical_source,incoming_source,resolution,review_required
wonju:13192850,address,"강원특별자치도 원주시 혁신로 39-1,3, 4층 (반곡동)","강원특별자치도 원주시 혁신로 39-1, 3, 4층 (반곡동)",wonju_health_medical_2026,clinic_2025-11-25,keep_current_master,true
wonju:13192850,category,병원,의원,wonju_health_medical_2026,clinic_2025-11-25,keep_current_master,true
wonju:13192850,bed_count,,0,wonju_health_medical_2026,clinic_2025-11-25,enrich_missing_field,false
wonju:13192851,address,"강원특별자치도 원주시 지정면 기업도시로 6, 2층, 203호","강원특별자치도 원주시 지정면 기업도시로 6, 2층 203호",wonju_health_medical_2026,clinic_2025-11-25,keep_current_master,true
wonju:13192851,category,병원,의원,wonju_health_medical_2026,clinic_2025-11-25,keep_current_master,true
wonju:13192851,bed_count,,0,wonju_health_medical_2026,clinic_2025-11-25,enrich_missing_field,false
wonju:13192852,address,"강원특별자치도 원주시 서원대로 416, 2층(단구동)","강원특별자치도 원주시 서원대로 416, 2층 (단구동)",wonju_health_medical_2026,clinic_2025-11-25,keep_current_master,true
wonju:13192852,category,병원,의원,wonju_health_medical_2026,clinic_2025-11-25,keep_current_master,true
wonju:13192852,bed_count,,0,wonju_health_medical_2026,clinic_2025-11-25,enrich_missing_field,false
wonju:13192970,address,"강원특별자치도 원주시 서원대로 383, 한신플라자 4층 406,407호(개운동)","강원특별자치도 원주시 서원대로 383, 한신프라자 4층 406,407호 (개운동)",wonju_health_medical_2026,clinic_2025-11-25,keep_current_master,true
wonju:13192970,category,한의원,의원,wonju_health_medical_2026,clinic_2025-11-25,keep_current_master,true
wonju:13192970,bed_count,,0,wonju_health_medical_2026,clinic_2025-11-25,enrich_missing_field,false
wonju:13192853,address,"강원특별자치도 원주시 치악로 1626, 3층(단구동)","강원특별자치도 원주시 치악로 1626, 3층 (단구동)",wonju_health_medical_2026,clinic_2025-11-25,keep_current_master,true
wonju:13192853,category,병원,의원,wonju_health_medical_2026,clinic_2025-11-25,keep_current_master,true
wonju:13192853,bed_count,,0,wonju_health_medical_2026,clinic_2025-11-25,enrich_missing_field,false
wonju:13192854,category,병원,의원,wonju_health_medical_2026,clinic_2025-11-25,keep_current_master,true
wonju:13192854,bed_count,,4,wonju_health_medical_2026,clinic_2025-11-25,enrich_missing_field,false
wonju:13193082,category,치과,의원,wonju_health_medical_2026,clinic_2025-11-25,keep_current_master,true
wonju:13193082,bed_count,,0,wonju_health_medical_2026,clinic_2025-11-25,enrich_missing_field,false
wonju:13192855,category,병원,의원,wonju_health_medical_2026,clinic_2025-11-25,keep_current_master,true
wonju:13192855,bed_count,,0,wonju_health_medical_2026,clinic_2025-11-25,enrich_missing_field,false
wonju:13192627,category,병원,의원,wonju_health_medical_2026,clinic_2025-11-25,keep_current_master,true
wonju:13192627,bed_count,,0,wonju_health_medical_2026,clinic_2025-11-25,enrich_missing_field,false
wonju:13192628,category,병원,의원,wonju_health_medical_2026,clinic_2025-11-25,keep_current_master,true
wonju:13192628,bed_count,,0,wonju_health_medical_2026,clinic_2025-11-25,enrich_missing_field,false
wonju:13192859,category,한의원,의원,wonju_health_medical_2026,clinic_2025-11-25,keep_current_master,true
wonju:13192859,bed_count,,0,wonju_health_medical_2026,clinic_2025-11-25,enrich_missing_field,false
wonju:13192629,category,병원,의원,wonju_health_medical_2026,clinic_2025-11-25,keep_current_master,true
wonju:13192629,bed_count,,0,wonju_health_medical_2026,clinic_2025-11-25,enrich_missing_field,false
wonju:13192973,category,치과,의원,wonju_health_medical_2026,clinic_2025-11-25,keep_current_master,true
wonju:13192973,bed_count,,0,wonju_health_medical_2026,clinic_2025-11-25,enrich_missing_field,false
wonju:13192630,category,병원,의원,wonju_health_medical_2026,clinic_2025-11-25,keep_current_master,true
wonju:13192630,bed_count,,0,wonju_health_medical_2026,clinic_2025-11-25,enrich_missing_field,false
wonju:13192860,category,한의원,의원,wonju_health_medical_2026,clinic_2025-11-25,keep_current_master,true
wonju:13192860,bed_count,,18,wonju_health_medical_2026,clinic_2025-11-25,enrich_missing_field,false
wonju:13192631,category,병원,의원,wonju_health_medical_2026,clinic_2025-11-25,keep_current_master,true
wonju:13192631,bed_count,,0,wonju_health_medical_2026,clinic_2025-11-25,enrich_missing_field,false
wonju:13192974,category,치과,의원,wonju_health_medical_2026,clinic_2025-11-25,keep_current_master,true
wonju:13192974,bed_count,,0,wonju_health_medical_2026,clinic_2025-11-25,enrich_missing_field,false
wonju:13192975,category,치과,의원,wonju_health_medical_2026,clinic_2025-11-25,keep_current_master,true
wonju:13192975,bed_count,,0,wonju_health_medical_2026,clinic_2025-11-25,enrich_missing_field,false
wonju:13192976,category,치과,의원,wonju_health_medical_2026,clinic_2025-11-25,keep_current_master,true
wonju:13192976,bed_count,,0,wonju_health_medical_2026,clinic_2025-11-25,enrich_missing_field,false
wonju:13192632,category,병원,의원,wonju_health_medical_2026,clinic_2025-11-25,keep_current_master,true
wonju:13192632,bed_count,,0,wonju_health_medical_2026,clinic_2025-11-25,enrich_missing_field,false
wonju:13192971,name,재생한의원,허승한의원,wonju_health_medical_2026,clinic_2025-11-25,keep_current_master,true
wonju:13192971,category,한의원,의원,wonju_health_medical_2026,clinic_2025-11-25,keep_current_master,true
wonju:13192971,bed_count,,0,wonju_health_medical_2026,clinic_2025-11-25,enrich_missing_field,false
wonju:13192861,category,한의원,의원,wonju_health_medical_2026,clinic_2025-11-25,keep_current_master,true
wonju:13192861,bed_count,,0,wonju_health_medical_2026,clinic_2025-11-25,enrich_missing_field,false
wonju:13192633,category,병원,의원,wonju_health_medical_2026,clinic_2025-11-25,keep_current_master,true
wonju:13192633,bed_count,,3,wonju_health_medical_2026,clinic_2025-11-25,enrich_missing_field,false
wonju:13192634,category,병원,의원,wonju_health_medical_2026,clinic_2025-11-25,keep_current_master,true
wonju:13192634,bed_count,,0,wonju_health_medical_2026,clinic_2025-11-25,enrich_missing_field,false
wonju:13192635,category,병원,의원,wonju_health_medical_2026,clinic_2025-11-25,keep_current_master,true
wonju:13192635,bed_count,,0,wonju_health_medical_2026,clinic_2025-11-25,enrich_missing_field,false
wonju:13192636,category,병원,의원,wonju_health_medical_2026,clinic_2025-11-25,keep_current_master,true
wonju:13192636,bed_count,,0,wonju_health_medical_2026,clinic_2025-11-25,enrich_missing_field,false
wonju:13192862,category,한의원,의원,wonju_health_medical_2026,clinic_2025-11-25,keep_current_master,true
wonju:13192862,bed_count,,0,wonju_health_medical_2026,clinic_2025-11-25,enrich_missing_field,false
wonju:13192977,category,치과,의원,wonju_health_medical_2026,clinic_2025-11-25,keep_current_master,true
wonju:13192977,bed_count,,0,wonju_health_medical_2026,clinic_2025-11-25,enrich_missing_field,false
wonju:13192978,category,치과,의원,wonju_health_medical_2026,clinic_2025-11-25,keep_current_master,true
wonju:13192978,bed_count,,0,wonju_health_medical_2026,clinic_2025-11-25,enrich_missing_field,false
wonju:13192979,category,치과,의원,wonju_health_medical_2026,clinic_2025-11-25,keep_current_master,true
wonju:13192979,bed_count,,0,wonju_health_medical_2026,clinic_2025-11-25,enrich_missing_field,false
wonju:13192637,category,병원,의원,wonju_health_medical_2026,clinic_2025-11-25,keep_current_master,true
wonju:13192637,bed_count,,29,wonju_health_medical_2026,clinic_2025-11-25,enrich_missing_field,false
wonju:13192980,category,치과,의원,wonju_health_medical_2026,clinic_2025-11-25,keep_current_master,true
wonju:13192980,bed_count,,0,wonju_health_medical_2026,clinic_2025-11-25,enrich_missing_field,false
wonju:13192638,category,병원,의원,wonju_health_medical_2026,clinic_2025-11-25,keep_current_master,true
wonju:13192638,bed_count,,5,wonju_health_medical_2026,clinic_2025-11-25,enrich_missing_field,false
wonju:13192863,category,한의원,의원,wonju_health_medical_2026,clinic_2025-11-25,keep_current_master,true
wonju:13192863,bed_count,,0,wonju_health_medical_2026,clinic_2025-11-25,enrich_missing_field,false
wonju:13192639,category,병원,의원,wonju_health_medical_2026,clinic_2025-11-25,keep_current_master,true
wonju:13192639,bed_count,,0,wonju_health_medical_2026,clinic_2025-11-25,enrich_missing_field,false
wonju:13192640,category,병원,의원,wonju_health_medical_2026,clinic_2025-11-25,keep_current_master,true
wonju:13192640,bed_count,,0,wonju_health_medical_2026,clinic_2025-11-25,enrich_missing_field,false
wonju:13192864,category,한의원,의원,wonju_health_medical_2026,clinic_2025-11-25,keep_current_master,true
wonju:13192864,bed_count,,0,wonju_health_medical_2026,clinic_2025-11-25,enrich_missing_field,false
wonju:13192641,category,병원,의원,wonju_health_medical_2026,clinic_2025-11-25,keep_current_master,true
wonju:13192641,bed_count,,0,wonju_health_medical_2026,clinic_2025-11-25,enrich_missing_field,false
wonju:13192642,category,병원,의원,wonju_health_medical_2026,clinic_2025-11-25,keep_current_master,true
wonju:13192642,bed_count,,0,wonju_health_medical_2026,clinic_2025-11-25,enrich_missing_field,false
wonju:13192865,category,한의원,의원,wonju_health_medical_2026,clinic_2025-11-25,keep_current_master,true
wonju:13192865,bed_count,,0,wonju_health_medical_2026,clinic_2025-11-25,enrich_missing_field,false
wonju:13192643,category,병원,의원,wonju_health_medical_2026,clinic_2025-11-25,keep_current_master,true
wonju:13192643,bed_count,,16,wonju_health_medical_2026,clinic_2025-11-25,enrich_missing_field,false
wonju:13192644,category,병원,의원,wonju_health_medical_2026,clinic_2025-11-25,keep_current_master,true
wonju:13192644,bed_count,,0,wonju_health_medical_2026,clinic_2025-11-25,enrich_missing_field,false
wonju:13192981,category,치과,의원,wonju_health_medical_2026,clinic_2025-11-25,keep_current_master,true
wonju:13192981,bed_count,,0,wonju_health_medical_2026,clinic_2025-11-25,enrich_missing_field,false
wonju:13192645,category,병원,의원,wonju_health_medical_2026,clinic_2025-11-25,keep_current_master,true
wonju:13192645,bed_count,,2,wonju_health_medical_2026,clinic_2025-11-25,enrich_missing_field,false
wonju:13192866,category,한의원,의원,wonju_health_medical_2026,clinic_2025-11-25,keep_current_master,true
wonju:13192866,bed_count,,0,wonju_health_medical_2026,clinic_2025-11-25,enrich_missing_field,false
wonju:13192646,category,병원,의원,wonju_health_medical_2026,clinic_2025-11-25,keep_current_master,true
wonju:13192646,bed_count,,0,wonju_health_medical_2026,clinic_2025-11-25,enrich_missing_field,false
wonju:13192982,category,치과,의원,wonju_health_medical_2026,clinic_2025-11-25,keep_current_master,true
wonju:13192982,bed_count,,0,wonju_health_medical_2026,clinic_2025-11-25,enrich_missing_field,false
wonju:13192647,category,병원,의원,wonju_health_medical_2026,clinic_2025-11-25,keep_current_master,true
wonju:13192647,bed_count,,0,wonju_health_medical_2026,clinic_2025-11-25,enrich_missing_field,false
wonju:13192648,category,병원,의원,wonju_health_medical_2026,clinic_2025-11-25,keep_current_master,true
wonju:13192648,bed_count,,0,wonju_health_medical_2026,clinic_2025-11-25,enrich_missing_field,false
wonju:13192867,category,한의원,의원,wonju_health_medical_2026,clinic_2025-11-25,keep_current_master,true
wonju:13192867,bed_count,,0,wonju_health_medical_2026,clinic_2025-11-25,enrich_missing_field,false
wonju:13192983,category,치과,의원,wonju_health_medical_2026,clinic_2025-11-25,keep_current_master,true
wonju:13192983,bed_count,,0,wonju_health_medical_2026,clinic_2025-11-25,enrich_missing_field,false
wonju:13192857,category,병원,의원,wonju_health_medical_2026,clinic_2025-11-25,keep_current_master,true
wonju:13192857,bed_count,,0,wonju_health_medical_2026,clinic_2025-11-25,enrich_missing_field,false
wonju:13192984,category,치과,의원,wonju_health_medical_2026,clinic_2025-11-25,keep_current_master,true
wonju:13192984,bed_count,,0,wonju_health_medical_2026,clinic_2025-11-25,enrich_missing_field,false
wonju:13192650,category,병원,의원,wonju_health_medical_2026,clinic_2025-11-25,keep_current_master,true
wonju:13192650,bed_count,,1,wonju_health_medical_2026,clinic_2025-11-25,enrich_missing_field,false
wonju:13192651,category,병원,의원,wonju_health_medical_2026,clinic_2025-11-25,keep_current_master,true
wonju:13192651,bed_count,,27,wonju_health_medical_2026,clinic_2025-11-25,enrich_missing_field,false
wonju:13192652,category,병원,의원,wonju_health_medical_2026,clinic_2025-11-25,keep_current_master,true
wonju:13192652,bed_count,,0,wonju_health_medical_2026,clinic_2025-11-25,enrich_missing_field,false
wonju:13192868,category,한의원,의원,wonju_health_medical_2026,clinic_2025-11-25,keep_current_master,true
wonju:13192868,bed_count,,0,wonju_health_medical_2026,clinic_2025-11-25,enrich_missing_field,false
wonju:13192869,category,한의원,의원,wonju_health_medical_2026,clinic_2025-11-25,keep_current_master,true
wonju:13192869,bed_count,,0,wonju_health_medical_2026,clinic_2025-11-25,enrich_missing_field,false
wonju:13192870,category,한의원,의원,wonju_health_medical_2026,clinic_2025-11-25,keep_current_master,true
wonju:13192870,bed_count,,0,wonju_health_medical_2026,clinic_2025-11-25,enrich_missing_field,false
wonju:13192653,category,병원,의원,wonju_health_medical_2026,clinic_2025-11-25,keep_current_master,true
wonju:13192653,bed_count,,0,wonju_health_medical_2026,clinic_2025-11-25,enrich_missing_field,false
wonju:13192654,category,병원,의원,wonju_health_medical_2026,clinic_2025-11-25,keep_current_master,true
wonju:13192654,bed_count,,0,wonju_health_medical_2026,clinic_2025-11-25,enrich_missing_field,false
wonju:13192871,category,한의원,의원,wonju_health_medical_2026,clinic_2025-11-25,keep_current_master,true
wonju:13192871,bed_count,,0,wonju_health_medical_2026,clinic_2025-11-25,enrich_missing_field,false
wonju:13192985,phone,033-900-2882,033-900--2882,wonju_health_medical_2026,clinic_2025-11-25,keep_current_master,true
wonju:13192985,category,치과,의원,wonju_health_medical_2026,clinic_2025-11-25,keep_current_master,true
wonju:13192985,bed_count,,0,wonju_health_medical_2026,clinic_2025-11-25,enrich_missing_field,false
wonju:13192986,category,치과,의원,wonju_health_medical_2026,clinic_2025-11-25,keep_current_master,true
wonju:13192986,bed_count,,0,wonju_health_medical_2026,clinic_2025-11-25,enrich_missing_field,false
wonju:13192987,category,치과,의원,wonju_health_medical_2026,clinic_2025-11-25,keep_current_master,true
wonju:13192987,bed_count,,0,wonju_health_medical_2026,clinic_2025-11-25,enrich_missing_field,false
wonju:13192988,category,치과,의원,wonju_health_medical_2026,clinic_2025-11-25,keep_current_master,true
wonju:13192988,bed_count,,0,wonju_health_medical_2026,clinic_2025-11-25,enrich_missing_field,false
wonju:13192655,category,병원,의원,wonju_health_medical_2026,clinic_2025-11-25,keep_current_master,true
wonju:13192655,bed_count,,0,wonju_health_medical_2026,clinic_2025-11-25,enrich_missing_field,false
wonju:13192872,category,한의원,의원,wonju_health_medical_2026,clinic_2025-11-25,keep_current_master,true
wonju:13192872,bed_count,,10,wonju_health_medical_2026,clinic_2025-11-25,enrich_missing_field,false
wonju:13192656,category,병원,의원,wonju_health_medical_2026,clinic_2025-11-25,keep_current_master,true
wonju:13192656,bed_count,,0,wonju_health_medical_2026,clinic_2025-11-25,enrich_missing_field,false
wonju:13192989,category,치과,의원,wonju_health_medical_2026,clinic_2025-11-25,keep_current_master,true
wonju:13192989,bed_count,,0,wonju_health_medical_2026,clinic_2025-11-25,enrich_missing_field,false
wonju:13192657,category,병원,의원,wonju_health_medical_2026,clinic_2025-11-25,keep_current_master,true
wonju:13192657,bed_count,,5,wonju_health_medical_2026,clinic_2025-11-25,enrich_missing_field,false
wonju:13192990,category,치과,의원,wonju_health_medical_2026,clinic_2025-11-25,keep_current_master,true
wonju:13192990,bed_count,,0,wonju_health_medical_2026,clinic_2025-11-25,enrich_missing_field,false
wonju:13192658,category,병원,의원,wonju_health_medical_2026,clinic_2025-11-25,keep_current_master,true
wonju:13192658,bed_count,,24,wonju_health_medical_2026,clinic_2025-11-25,enrich_missing_field,false
wonju:13192991,category,치과,의원,wonju_health_medical_2026,clinic_2025-11-25,keep_current_master,true
wonju:13192991,bed_count,,0,wonju_health_medical_2026,clinic_2025-11-25,enrich_missing_field,false
wonju:13192873,category,한의원,의원,wonju_health_medical_2026,clinic_2025-11-25,keep_current_master,true
wonju:13192873,bed_count,,0,wonju_health_medical_2026,clinic_2025-11-25,enrich_missing_field,false
wonju:13192659,address,"강원특별자치도 원주시 서원대로 170, 재영빌딩 4층 (단계동)","강원특별자치도 원주시 서원대로 162, 3층 302호 (단계동)",wonju_health_medical_2026,clinic_2025-11-25,keep_current_master,true
wonju:13192659,category,병원,의원,wonju_health_medical_2026,clinic_2025-11-25,keep_current_master,true
wonju:13192659,bed_count,,0,wonju_health_medical_2026,clinic_2025-11-25,enrich_missing_field,false
wonju:13192660,category,병원,의원,wonju_health_medical_2026,clinic_2025-11-25,keep_current_master,true
wonju:13192660,bed_count,,0,wonju_health_medical_2026,clinic_2025-11-25,enrich_missing_field,false
wonju:13192874,category,한의원,의원,wonju_health_medical_2026,clinic_2025-11-25,keep_current_master,true
wonju:13192874,bed_count,,0,wonju_health_medical_2026,clinic_2025-11-25,enrich_missing_field,false
wonju:13192661,category,병원,의원,wonju_health_medical_2026,clinic_2025-11-25,keep_current_master,true
wonju:13192661,bed_count,,0,wonju_health_medical_2026,clinic_2025-11-25,enrich_missing_field,false
wonju:13192662,category,병원,의원,wonju_health_medical_2026,clinic_2025-11-25,keep_current_master,true
wonju:13192662,bed_count,,0,wonju_health_medical_2026,clinic_2025-11-25,enrich_missing_field,false
wonju:13192992,category,치과,의원,wonju_health_medical_2026,clinic_2025-11-25,keep_current_master,true
wonju:13192992,bed_count,,0,wonju_health_medical_2026,clinic_2025-11-25,enrich_missing_field,false
wonju:13192875,category,한의원,의원,wonju_health_medical_2026,clinic_2025-11-25,keep_current_master,true
wonju:13192875,bed_count,,0,wonju_health_medical_2026,clinic_2025-11-25,enrich_missing_field,false
wonju:13192663,category,병원,의원,wonju_health_medical_2026,clinic_2025-11-25,keep_current_master,true
wonju:13192663,bed_count,,0,wonju_health_medical_2026,clinic_2025-11-25,enrich_missing_field,false
wonju:13192664,category,병원,의원,wonju_health_medical_2026,clinic_2025-11-25,keep_current_master,true
wonju:13192664,bed_count,,0,wonju_health_medical_2026,clinic_2025-11-25,enrich_missing_field,false
wonju:13192665,category,병원,의원,wonju_health_medical_2026,clinic_2025-11-25,keep_current_master,true
wonju:13192665,bed_count,,0,wonju_health_medical_2026,clinic_2025-11-25,enrich_missing_field,false
wonju:13192993,category,치과,의원,wonju_health_medical_2026,clinic_2025-11-25,keep_current_master,true
wonju:13192993,bed_count,,0,wonju_health_medical_2026,clinic_2025-11-25,enrich_missing_field,false
wonju:13192876,category,한의원,의원,wonju_health_medical_2026,clinic_2025-11-25,keep_current_master,true
wonju:13192876,bed_count,,0,wonju_health_medical_2026,clinic_2025-11-25,enrich_missing_field,false
wonju:13192994,category,치과,의원,wonju_health_medical_2026,clinic_2025-11-25,keep_current_master,true
wonju:13192994,bed_count,,0,wonju_health_medical_2026,clinic_2025-11-25,enrich_missing_field,false
wonju:13192666,address,"강원특별자치도 원주시 서원대로 170, 재영빌딩 3, 5층 (단계동)","강원특별자치도 원주시 서원대로 170, 재영빌딩 3, 4, 5층 (단계동)",wonju_health_medical_2026,clinic_2025-11-25,keep_current_master,true
wonju:13192666,category,병원,의원,wonju_health_medical_2026,clinic_2025-11-25,keep_current_master,true
wonju:13192666,bed_count,,0,wonju_health_medical_2026,clinic_2025-11-25,enrich_missing_field,false
wonju:13192667,category,병원,의원,wonju_health_medical_2026,clinic_2025-11-25,keep_current_master,true
wonju:13192667,bed_count,,0,wonju_health_medical_2026,clinic_2025-11-25,enrich_missing_field,false
wonju:13192668,address,"강원특별자치도 원주시 현충로 320-1, 2층 (태장동)","강원특별자치도 원주시 현충로 320-1, 1,2층 (태장동)",wonju_health_medical_2026,clinic_2025-11-25,keep_current_master,true
wonju:13192668,category,병원,의원,wonju_health_medical_2026,clinic_2025-11-25,keep_current_master,true
wonju:13192668,bed_count,,0,wonju_health_medical_2026,clinic_2025-11-25,enrich_missing_field,false
wonju:13192669,category,병원,의원,wonju_health_medical_2026,clinic_2025-11-25,keep_current_master,true
wonju:13192669,bed_count,,0,wonju_health_medical_2026,clinic_2025-11-25,enrich_missing_field,false
wonju:13192995,category,치과,의원,wonju_health_medical_2026,clinic_2025-11-25,keep_current_master,true
wonju:13192995,bed_count,,0,wonju_health_medical_2026,clinic_2025-11-25,enrich_missing_field,false
wonju:13192670,category,병원,의원,wonju_health_medical_2026,clinic_2025-11-25,keep_current_master,true
wonju:13192670,bed_count,,0,wonju_health_medical_2026,clinic_2025-11-25,enrich_missing_field,false
wonju:13192877,category,한의원,의원,wonju_health_medical_2026,clinic_2025-11-25,keep_current_master,true
wonju:13192877,bed_count,,0,wonju_health_medical_2026,clinic_2025-11-25,enrich_missing_field,false
wonju:13192671,category,병원,의원,wonju_health_medical_2026,clinic_2025-11-25,keep_current_master,true
wonju:13192671,bed_count,,0,wonju_health_medical_2026,clinic_2025-11-25,enrich_missing_field,false
wonju:13192672,category,병원,의원,wonju_health_medical_2026,clinic_2025-11-25,keep_current_master,true
wonju:13192672,bed_count,,0,wonju_health_medical_2026,clinic_2025-11-25,enrich_missing_field,false
wonju:13192996,category,치과,의원,wonju_health_medical_2026,clinic_2025-11-25,keep_current_master,true
wonju:13192996,bed_count,,0,wonju_health_medical_2026,clinic_2025-11-25,enrich_missing_field,false
wonju:13192673,category,병원,의원,wonju_health_medical_2026,clinic_2025-11-25,keep_current_master,true
wonju:13192673,bed_count,,0,wonju_health_medical_2026,clinic_2025-11-25,enrich_missing_field,false
wonju:13192674,category,병원,의원,wonju_health_medical_2026,clinic_2025-11-25,keep_current_master,true
wonju:13192674,bed_count,,0,wonju_health_medical_2026,clinic_2025-11-25,enrich_missing_field,false
wonju:13192675,category,병원,의원,wonju_health_medical_2026,clinic_2025-11-25,keep_current_master,true
wonju:13192675,bed_count,,24,wonju_health_medical_2026,clinic_2025-11-25,enrich_missing_field,false
wonju:13192676,category,병원,의원,wonju_health_medical_2026,clinic_2025-11-25,keep_current_master,true
wonju:13192676,bed_count,,0,wonju_health_medical_2026,clinic_2025-11-25,enrich_missing_field,false
wonju:13192878,category,한의원,의원,wonju_health_medical_2026,clinic_2025-11-25,keep_current_master,true
wonju:13192878,bed_count,,0,wonju_health_medical_2026,clinic_2025-11-25,enrich_missing_field,false
wonju:13192677,category,병원,의원,wonju_health_medical_2026,clinic_2025-11-25,keep_current_master,true
wonju:13192677,bed_count,,0,wonju_health_medical_2026,clinic_2025-11-25,enrich_missing_field,false
wonju:13192678,category,병원,의원,wonju_health_medical_2026,clinic_2025-11-25,keep_current_master,true
wonju:13192678,bed_count,,0,wonju_health_medical_2026,clinic_2025-11-25,enrich_missing_field,false
wonju:13192679,category,병원,의원,wonju_health_medical_2026,clinic_2025-11-25,keep_current_master,true
wonju:13192679,bed_count,,0,wonju_health_medical_2026,clinic_2025-11-25,enrich_missing_field,false
wonju:13192680,category,병원,의원,wonju_health_medical_2026,clinic_2025-11-25,keep_current_master,true
wonju:13192680,bed_count,,2,wonju_health_medical_2026,clinic_2025-11-25,enrich_missing_field,false
wonju:13192879,category,한의원,의원,wonju_health_medical_2026,clinic_2025-11-25,keep_current_master,true
wonju:13192879,bed_count,,0,wonju_health_medical_2026,clinic_2025-11-25,enrich_missing_field,false
wonju:13192681,category,병원,의원,wonju_health_medical_2026,clinic_2025-11-25,keep_current_master,true
wonju:13192681,bed_count,,0,wonju_health_medical_2026,clinic_2025-11-25,enrich_missing_field,false
wonju:13192880,category,한의원,의원,wonju_health_medical_2026,clinic_2025-11-25,keep_current_master,true
wonju:13192880,bed_count,,0,wonju_health_medical_2026,clinic_2025-11-25,enrich_missing_field,false
wonju:13192997,category,치과,의원,wonju_health_medical_2026,clinic_2025-11-25,keep_current_master,true
wonju:13192997,bed_count,,0,wonju_health_medical_2026,clinic_2025-11-25,enrich_missing_field,false
wonju:13192998,category,치과,의원,wonju_health_medical_2026,clinic_2025-11-25,keep_current_master,true
wonju:13192998,bed_count,,0,wonju_health_medical_2026,clinic_2025-11-25,enrich_missing_field,false
wonju:13192881,category,한의원,의원,wonju_health_medical_2026,clinic_2025-11-25,keep_current_master,true
wonju:13192881,bed_count,,0,wonju_health_medical_2026,clinic_2025-11-25,enrich_missing_field,false
wonju:13192682,category,병원,의원,wonju_health_medical_2026,clinic_2025-11-25,keep_current_master,true
wonju:13192682,bed_count,,0,wonju_health_medical_2026,clinic_2025-11-25,enrich_missing_field,false
wonju:13192683,category,병원,의원,wonju_health_medical_2026,clinic_2025-11-25,keep_current_master,true
wonju:13192683,bed_count,,18,wonju_health_medical_2026,clinic_2025-11-25,enrich_missing_field,false
wonju:13192882,category,한의원,의원,wonju_health_medical_2026,clinic_2025-11-25,keep_current_master,true
wonju:13192882,bed_count,,0,wonju_health_medical_2026,clinic_2025-11-25,enrich_missing_field,false
wonju:13192684,category,병원,의원,wonju_health_medical_2026,clinic_2025-11-25,keep_current_master,true
wonju:13192684,bed_count,,0,wonju_health_medical_2026,clinic_2025-11-25,enrich_missing_field,false
wonju:13192685,category,병원,의원,wonju_health_medical_2026,clinic_2025-11-25,keep_current_master,true
wonju:13192685,bed_count,,0,wonju_health_medical_2026,clinic_2025-11-25,enrich_missing_field,false
wonju:13192686,address,"강원특별자치도 원주시 영랑길 2, 301호 (행구동)","강원특별자치도 원주시 영랑길 2, 201, 301호 (행구동)",wonju_health_medical_2026,clinic_2025-11-25,keep_current_master,true
wonju:13192686,category,병원,의원,wonju_health_medical_2026,clinic_2025-11-25,keep_current_master,true
wonju:13192686,bed_count,,3,wonju_health_medical_2026,clinic_2025-11-25,enrich_missing_field,false
wonju:13192687,category,병원,의원,wonju_health_medical_2026,clinic_2025-11-25,keep_current_master,true
wonju:13192687,bed_count,,0,wonju_health_medical_2026,clinic_2025-11-25,enrich_missing_field,false
wonju:13192999,category,치과,의원,wonju_health_medical_2026,clinic_2025-11-25,keep_current_master,true
wonju:13192999,bed_count,,0,wonju_health_medical_2026,clinic_2025-11-25,enrich_missing_field,false
wonju:13192688,category,병원,의원,wonju_health_medical_2026,clinic_2025-11-25,keep_current_master,true
wonju:13192688,bed_count,,2,wonju_health_medical_2026,clinic_2025-11-25,enrich_missing_field,false
wonju:13192689,category,병원,의원,wonju_health_medical_2026,clinic_2025-11-25,keep_current_master,true
wonju:13192689,bed_count,,10,wonju_health_medical_2026,clinic_2025-11-25,enrich_missing_field,false
wonju:13192883,category,한의원,의원,wonju_health_medical_2026,clinic_2025-11-25,keep_current_master,true
wonju:13192883,bed_count,,0,wonju_health_medical_2026,clinic_2025-11-25,enrich_missing_field,false
wonju:13192690,category,병원,의원,wonju_health_medical_2026,clinic_2025-11-25,keep_current_master,true
wonju:13192690,bed_count,,0,wonju_health_medical_2026,clinic_2025-11-25,enrich_missing_field,false
wonju:13192691,category,병원,의원,wonju_health_medical_2026,clinic_2025-11-25,keep_current_master,true
wonju:13192691,bed_count,,0,wonju_health_medical_2026,clinic_2025-11-25,enrich_missing_field,false
wonju:13192884,category,한의원,의원,wonju_health_medical_2026,clinic_2025-11-25,keep_current_master,true
wonju:13192884,bed_count,,10,wonju_health_medical_2026,clinic_2025-11-25,enrich_missing_field,false
wonju:13192885,category,한의원,의원,wonju_health_medical_2026,clinic_2025-11-25,keep_current_master,true
wonju:13192885,bed_count,,0,wonju_health_medical_2026,clinic_2025-11-25,enrich_missing_field,false
wonju:13193000,category,치과,의원,wonju_health_medical_2026,clinic_2025-11-25,keep_current_master,true
wonju:13193000,bed_count,,0,wonju_health_medical_2026,clinic_2025-11-25,enrich_missing_field,false
wonju:13193001,category,치과,의원,wonju_health_medical_2026,clinic_2025-11-25,keep_current_master,true
wonju:13193001,bed_count,,0,wonju_health_medical_2026,clinic_2025-11-25,enrich_missing_field,false
wonju:13192886,category,한의원,의원,wonju_health_medical_2026,clinic_2025-11-25,keep_current_master,true
wonju:13192886,bed_count,,0,wonju_health_medical_2026,clinic_2025-11-25,enrich_missing_field,false
wonju:13192692,category,병원,의원,wonju_health_medical_2026,clinic_2025-11-25,keep_current_master,true
wonju:13192692,bed_count,,0,wonju_health_medical_2026,clinic_2025-11-25,enrich_missing_field,false
wonju:13192693,category,병원,의원,wonju_health_medical_2026,clinic_2025-11-25,keep_current_master,true
wonju:13192693,bed_count,,1,wonju_health_medical_2026,clinic_2025-11-25,enrich_missing_field,false
wonju:13192694,category,병원,의원,wonju_health_medical_2026,clinic_2025-11-25,keep_current_master,true
wonju:13192694,bed_count,,0,wonju_health_medical_2026,clinic_2025-11-25,enrich_missing_field,false
wonju:13193003,category,치과,의원,wonju_health_medical_2026,clinic_2025-11-25,keep_current_master,true
wonju:13193003,bed_count,,0,wonju_health_medical_2026,clinic_2025-11-25,enrich_missing_field,false
wonju:13193002,category,치과,의원,wonju_health_medical_2026,clinic_2025-11-25,keep_current_master,true
wonju:13193002,bed_count,,0,wonju_health_medical_2026,clinic_2025-11-25,enrich_missing_field,false
wonju:13192695,category,병원,의원,wonju_health_medical_2026,clinic_2025-11-25,keep_current_master,true
wonju:13192695,bed_count,,0,wonju_health_medical_2026,clinic_2025-11-25,enrich_missing_field,false
wonju:13192887,category,한의원,의원,wonju_health_medical_2026,clinic_2025-11-25,keep_current_master,true
wonju:13192887,bed_count,,0,wonju_health_medical_2026,clinic_2025-11-25,enrich_missing_field,false
wonju:13192696,category,병원,의원,wonju_health_medical_2026,clinic_2025-11-25,keep_current_master,true
wonju:13192696,bed_count,,0,wonju_health_medical_2026,clinic_2025-11-25,enrich_missing_field,false
wonju:13192697,category,병원,의원,wonju_health_medical_2026,clinic_2025-11-25,keep_current_master,true
wonju:13192697,bed_count,,23,wonju_health_medical_2026,clinic_2025-11-25,enrich_missing_field,false
wonju:13193004,category,치과,의원,wonju_health_medical_2026,clinic_2025-11-25,keep_current_master,true
wonju:13193004,bed_count,,0,wonju_health_medical_2026,clinic_2025-11-25,enrich_missing_field,false
wonju:13192698,category,병원,의원,wonju_health_medical_2026,clinic_2025-11-25,keep_current_master,true
wonju:13192698,bed_count,,0,wonju_health_medical_2026,clinic_2025-11-25,enrich_missing_field,false
wonju:13193005,category,치과,의원,wonju_health_medical_2026,clinic_2025-11-25,keep_current_master,true
wonju:13193005,bed_count,,0,wonju_health_medical_2026,clinic_2025-11-25,enrich_missing_field,false
wonju:13192699,category,병원,의원,wonju_health_medical_2026,clinic_2025-11-25,keep_current_master,true
wonju:13192699,bed_count,,0,wonju_health_medical_2026,clinic_2025-11-25,enrich_missing_field,false
wonju:13192700,category,병원,의원,wonju_health_medical_2026,clinic_2025-11-25,keep_current_master,true
wonju:13192700,bed_count,,0,wonju_health_medical_2026,clinic_2025-11-25,enrich_missing_field,false
wonju:13192888,category,한의원,의원,wonju_health_medical_2026,clinic_2025-11-25,keep_current_master,true
wonju:13192888,bed_count,,0,wonju_health_medical_2026,clinic_2025-11-25,enrich_missing_field,false
wonju:13192701,category,병원,의원,wonju_health_medical_2026,clinic_2025-11-25,keep_current_master,true
wonju:13192701,bed_count,,0,wonju_health_medical_2026,clinic_2025-11-25,enrich_missing_field,false
wonju:13192702,category,병원,의원,wonju_health_medical_2026,clinic_2025-11-25,keep_current_master,true
wonju:13192702,bed_count,,0,wonju_health_medical_2026,clinic_2025-11-25,enrich_missing_field,false
wonju:13193006,category,치과,의원,wonju_health_medical_2026,clinic_2025-11-25,keep_current_master,true
wonju:13193006,bed_count,,0,wonju_health_medical_2026,clinic_2025-11-25,enrich_missing_field,false
wonju:13192703,category,병원,의원,wonju_health_medical_2026,clinic_2025-11-25,keep_current_master,true
wonju:13192703,bed_count,,0,wonju_health_medical_2026,clinic_2025-11-25,enrich_missing_field,false
wonju:13192889,category,한의원,의원,wonju_health_medical_2026,clinic_2025-11-25,keep_current_master,true
wonju:13192889,bed_count,,0,wonju_health_medical_2026,clinic_2025-11-25,enrich_missing_field,false
wonju:13192890,address,"강원특별자치도 원주시 능라동길 63, 305,505호 (무실동)","강원특별자치도 원주시 능라동길 63, 305호 (무실동)",wonju_health_medical_2026,clinic_2025-11-25,keep_current_master,true
wonju:13192890,category,한의원,의원,wonju_health_medical_2026,clinic_2025-11-25,keep_current_master,true
wonju:13192890,bed_count,,0,wonju_health_medical_2026,clinic_2025-11-25,enrich_missing_field,false
wonju:13192891,category,한의원,의원,wonju_health_medical_2026,clinic_2025-11-25,keep_current_master,true
wonju:13192891,bed_count,,0,wonju_health_medical_2026,clinic_2025-11-25,enrich_missing_field,false
wonju:13192892,category,한의원,의원,wonju_health_medical_2026,clinic_2025-11-25,keep_current_master,true
wonju:13192892,bed_count,,0,wonju_health_medical_2026,clinic_2025-11-25,enrich_missing_field,false
wonju:13193007,category,치과,의원,wonju_health_medical_2026,clinic_2025-11-25,keep_current_master,true
wonju:13193007,bed_count,,0,wonju_health_medical_2026,clinic_2025-11-25,enrich_missing_field,false
wonju:13192893,category,한의원,의원,wonju_health_medical_2026,clinic_2025-11-25,keep_current_master,true
wonju:13192893,bed_count,,0,wonju_health_medical_2026,clinic_2025-11-25,enrich_missing_field,false
wonju:13192704,category,병원,의원,wonju_health_medical_2026,clinic_2025-11-25,keep_current_master,true
wonju:13192704,bed_count,,0,wonju_health_medical_2026,clinic_2025-11-25,enrich_missing_field,false
wonju:13193008,category,치과,의원,wonju_health_medical_2026,clinic_2025-11-25,keep_current_master,true
wonju:13193008,bed_count,,0,wonju_health_medical_2026,clinic_2025-11-25,enrich_missing_field,false
wonju:13192705,category,병원,의원,wonju_health_medical_2026,clinic_2025-11-25,keep_current_master,true
wonju:13192705,bed_count,,0,wonju_health_medical_2026,clinic_2025-11-25,enrich_missing_field,false
wonju:13192894,category,한의원,의원,wonju_health_medical_2026,clinic_2025-11-25,keep_current_master,true
wonju:13192894,bed_count,,0,wonju_health_medical_2026,clinic_2025-11-25,enrich_missing_field,false
wonju:13193009,category,치과,의원,wonju_health_medical_2026,clinic_2025-11-25,keep_current_master,true
wonju:13193009,bed_count,,0,wonju_health_medical_2026,clinic_2025-11-25,enrich_missing_field,false
wonju:13192706,category,병원,의원,wonju_health_medical_2026,clinic_2025-11-25,keep_current_master,true
wonju:13192706,bed_count,,0,wonju_health_medical_2026,clinic_2025-11-25,enrich_missing_field,false
wonju:13193010,category,치과,의원,wonju_health_medical_2026,clinic_2025-11-25,keep_current_master,true
wonju:13193010,bed_count,,0,wonju_health_medical_2026,clinic_2025-11-25,enrich_missing_field,false
wonju:13192707,category,병원,의원,wonju_health_medical_2026,clinic_2025-11-25,keep_current_master,true
wonju:13192707,bed_count,,0,wonju_health_medical_2026,clinic_2025-11-25,enrich_missing_field,false
wonju:13193011,category,치과,의원,wonju_health_medical_2026,clinic_2025-11-25,keep_current_master,true
wonju:13193011,bed_count,,0,wonju_health_medical_2026,clinic_2025-11-25,enrich_missing_field,false
wonju:13193012,category,치과,의원,wonju_health_medical_2026,clinic_2025-11-25,keep_current_master,true
wonju:13193012,bed_count,,0,wonju_health_medical_2026,clinic_2025-11-25,enrich_missing_field,false
wonju:13192708,category,병원,의원,wonju_health_medical_2026,clinic_2025-11-25,keep_current_master,true
wonju:13192708,bed_count,,0,wonju_health_medical_2026,clinic_2025-11-25,enrich_missing_field,false
wonju:13193013,category,치과,의원,wonju_health_medical_2026,clinic_2025-11-25,keep_current_master,true
wonju:13193013,bed_count,,0,wonju_health_medical_2026,clinic_2025-11-25,enrich_missing_field,false
wonju:13193014,category,치과,의원,wonju_health_medical_2026,clinic_2025-11-25,keep_current_master,true
wonju:13193014,bed_count,,0,wonju_health_medical_2026,clinic_2025-11-25,enrich_missing_field,false
wonju:13192709,category,병원,의원,wonju_health_medical_2026,clinic_2025-11-25,keep_current_master,true
wonju:13192709,bed_count,,0,wonju_health_medical_2026,clinic_2025-11-25,enrich_missing_field,false
wonju:13192710,category,병원,의원,wonju_health_medical_2026,clinic_2025-11-25,keep_current_master,true
wonju:13192710,bed_count,,0,wonju_health_medical_2026,clinic_2025-11-25,enrich_missing_field,false
wonju:13193015,category,치과,의원,wonju_health_medical_2026,clinic_2025-11-25,keep_current_master,true
wonju:13193015,bed_count,,0,wonju_health_medical_2026,clinic_2025-11-25,enrich_missing_field,false
wonju:13193016,category,치과,의원,wonju_health_medical_2026,clinic_2025-11-25,keep_current_master,true
wonju:13193016,bed_count,,0,wonju_health_medical_2026,clinic_2025-11-25,enrich_missing_field,false
wonju:13192895,category,한의원,의원,wonju_health_medical_2026,clinic_2025-11-25,keep_current_master,true
wonju:13192895,bed_count,,0,wonju_health_medical_2026,clinic_2025-11-25,enrich_missing_field,false
wonju:13192711,category,병원,의원,wonju_health_medical_2026,clinic_2025-11-25,keep_current_master,true
wonju:13192711,bed_count,,0,wonju_health_medical_2026,clinic_2025-11-25,enrich_missing_field,false
wonju:13192896,category,한의원,의원,wonju_health_medical_2026,clinic_2025-11-25,keep_current_master,true
wonju:13192896,bed_count,,0,wonju_health_medical_2026,clinic_2025-11-25,enrich_missing_field,false
wonju:13193017,category,치과,의원,wonju_health_medical_2026,clinic_2025-11-25,keep_current_master,true
wonju:13193017,bed_count,,0,wonju_health_medical_2026,clinic_2025-11-25,enrich_missing_field,false
wonju:13192897,category,한의원,의원,wonju_health_medical_2026,clinic_2025-11-25,keep_current_master,true
wonju:13192897,bed_count,,0,wonju_health_medical_2026,clinic_2025-11-25,enrich_missing_field,false
wonju:13192712,category,병원,의원,wonju_health_medical_2026,clinic_2025-11-25,keep_current_master,true
wonju:13192712,bed_count,,2,wonju_health_medical_2026,clinic_2025-11-25,enrich_missing_field,false
wonju:13192713,category,병원,의원,wonju_health_medical_2026,clinic_2025-11-25,keep_current_master,true
wonju:13192713,bed_count,,0,wonju_health_medical_2026,clinic_2025-11-25,enrich_missing_field,false
wonju:13192714,category,병원,의원,wonju_health_medical_2026,clinic_2025-11-25,keep_current_master,true
wonju:13192714,bed_count,,0,wonju_health_medical_2026,clinic_2025-11-25,enrich_missing_field,false
wonju:13193018,category,치과,의원,wonju_health_medical_2026,clinic_2025-11-25,keep_current_master,true
wonju:13193018,bed_count,,0,wonju_health_medical_2026,clinic_2025-11-25,enrich_missing_field,false
wonju:13193019,category,치과,의원,wonju_health_medical_2026,clinic_2025-11-25,keep_current_master,true
wonju:13193019,bed_count,,0,wonju_health_medical_2026,clinic_2025-11-25,enrich_missing_field,false
wonju:13192898,category,한의원,의원,wonju_health_medical_2026,clinic_2025-11-25,keep_current_master,true
wonju:13192898,bed_count,,0,wonju_health_medical_2026,clinic_2025-11-25,enrich_missing_field,false
wonju:13192899,category,한의원,의원,wonju_health_medical_2026,clinic_2025-11-25,keep_current_master,true
wonju:13192899,bed_count,,0,wonju_health_medical_2026,clinic_2025-11-25,enrich_missing_field,false
wonju:13192900,category,한의원,의원,wonju_health_medical_2026,clinic_2025-11-25,keep_current_master,true
wonju:13192900,bed_count,,14,wonju_health_medical_2026,clinic_2025-11-25,enrich_missing_field,false
wonju:13193020,category,치과,의원,wonju_health_medical_2026,clinic_2025-11-25,keep_current_master,true
wonju:13193020,bed_count,,0,wonju_health_medical_2026,clinic_2025-11-25,enrich_missing_field,false
wonju:13192715,category,병원,의원,wonju_health_medical_2026,clinic_2025-11-25,keep_current_master,true
wonju:13192715,bed_count,,0,wonju_health_medical_2026,clinic_2025-11-25,enrich_missing_field,false
wonju:13192716,category,병원,의원,wonju_health_medical_2026,clinic_2025-11-25,keep_current_master,true
wonju:13192716,bed_count,,0,wonju_health_medical_2026,clinic_2025-11-25,enrich_missing_field,false
wonju:13192717,category,병원,의원,wonju_health_medical_2026,clinic_2025-11-25,keep_current_master,true
wonju:13192717,bed_count,,0,wonju_health_medical_2026,clinic_2025-11-25,enrich_missing_field,false
wonju:13192718,category,병원,의원,wonju_health_medical_2026,clinic_2025-11-25,keep_current_master,true
wonju:13192718,bed_count,,0,wonju_health_medical_2026,clinic_2025-11-25,enrich_missing_field,false
wonju:13192719,category,병원,의원,wonju_health_medical_2026,clinic_2025-11-25,keep_current_master,true
wonju:13192719,bed_count,,4,wonju_health_medical_2026,clinic_2025-11-25,enrich_missing_field,false
wonju:13192720,category,병원,의원,wonju_health_medical_2026,clinic_2025-11-25,keep_current_master,true
wonju:13192720,bed_count,,0,wonju_health_medical_2026,clinic_2025-11-25,enrich_missing_field,false
wonju:13192901,category,한의원,의원,wonju_health_medical_2026,clinic_2025-11-25,keep_current_master,true
wonju:13192901,bed_count,,0,wonju_health_medical_2026,clinic_2025-11-25,enrich_missing_field,false
wonju:13192721,category,병원,의원,wonju_health_medical_2026,clinic_2025-11-25,keep_current_master,true
wonju:13192721,bed_count,,0,wonju_health_medical_2026,clinic_2025-11-25,enrich_missing_field,false
wonju:13193021,category,치과,의원,wonju_health_medical_2026,clinic_2025-11-25,keep_current_master,true
wonju:13193021,bed_count,,0,wonju_health_medical_2026,clinic_2025-11-25,enrich_missing_field,false
wonju:13192722,category,병원,의원,wonju_health_medical_2026,clinic_2025-11-25,keep_current_master,true
wonju:13192722,bed_count,,0,wonju_health_medical_2026,clinic_2025-11-25,enrich_missing_field,false
wonju:13192723,category,병원,의원,wonju_health_medical_2026,clinic_2025-11-25,keep_current_master,true
wonju:13192723,bed_count,,0,wonju_health_medical_2026,clinic_2025-11-25,enrich_missing_field,false
wonju:13192724,category,병원,의원,wonju_health_medical_2026,clinic_2025-11-25,keep_current_master,true
wonju:13192724,bed_count,,0,wonju_health_medical_2026,clinic_2025-11-25,enrich_missing_field,false
wonju:13192902,category,한의원,의원,wonju_health_medical_2026,clinic_2025-11-25,keep_current_master,true
wonju:13192902,bed_count,,0,wonju_health_medical_2026,clinic_2025-11-25,enrich_missing_field,false
wonju:13192725,category,병원,의원,wonju_health_medical_2026,clinic_2025-11-25,keep_current_master,true
wonju:13192725,bed_count,,0,wonju_health_medical_2026,clinic_2025-11-25,enrich_missing_field,false
wonju:13193022,category,치과,의원,wonju_health_medical_2026,clinic_2025-11-25,keep_current_master,true
wonju:13193022,bed_count,,0,wonju_health_medical_2026,clinic_2025-11-25,enrich_missing_field,false
wonju:13192903,category,한의원,의원,wonju_health_medical_2026,clinic_2025-11-25,keep_current_master,true
wonju:13192903,bed_count,,0,wonju_health_medical_2026,clinic_2025-11-25,enrich_missing_field,false
wonju:13192904,category,한의원,의원,wonju_health_medical_2026,clinic_2025-11-25,keep_current_master,true
wonju:13192904,bed_count,,0,wonju_health_medical_2026,clinic_2025-11-25,enrich_missing_field,false
wonju:13192905,category,한의원,의원,wonju_health_medical_2026,clinic_2025-11-25,keep_current_master,true
wonju:13192905,bed_count,,0,wonju_health_medical_2026,clinic_2025-11-25,enrich_missing_field,false
wonju:13193023,category,치과,의원,wonju_health_medical_2026,clinic_2025-11-25,keep_current_master,true
wonju:13193023,bed_count,,0,wonju_health_medical_2026,clinic_2025-11-25,enrich_missing_field,false
wonju:13193024,category,치과,의원,wonju_health_medical_2026,clinic_2025-11-25,keep_current_master,true
wonju:13193024,bed_count,,0,wonju_health_medical_2026,clinic_2025-11-25,enrich_missing_field,false
wonju:13193025,category,치과,의원,wonju_health_medical_2026,clinic_2025-11-25,keep_current_master,true
wonju:13193025,bed_count,,0,wonju_health_medical_2026,clinic_2025-11-25,enrich_missing_field,false
wonju:13193026,category,치과,의원,wonju_health_medical_2026,clinic_2025-11-25,keep_current_master,true
wonju:13193026,bed_count,,0,wonju_health_medical_2026,clinic_2025-11-25,enrich_missing_field,false
wonju:13193027,category,치과,의원,wonju_health_medical_2026,clinic_2025-11-25,keep_current_master,true
wonju:13193027,bed_count,,0,wonju_health_medical_2026,clinic_2025-11-25,enrich_missing_field,false
wonju:13192726,category,병원,의원,wonju_health_medical_2026,clinic_2025-11-25,keep_current_master,true
wonju:13192726,bed_count,,21,wonju_health_medical_2026,clinic_2025-11-25,enrich_missing_field,false
wonju:13192727,category,병원,의원,wonju_health_medical_2026,clinic_2025-11-25,keep_current_master,true
wonju:13192727,bed_count,,0,wonju_health_medical_2026,clinic_2025-11-25,enrich_missing_field,false
wonju:13192906,category,한의원,의원,wonju_health_medical_2026,clinic_2025-11-25,keep_current_master,true
wonju:13192906,bed_count,,0,wonju_health_medical_2026,clinic_2025-11-25,enrich_missing_field,false
wonju:13192907,category,한의원,의원,wonju_health_medical_2026,clinic_2025-11-25,keep_current_master,true
wonju:13192907,bed_count,,0,wonju_health_medical_2026,clinic_2025-11-25,enrich_missing_field,false
wonju:13193028,category,치과,의원,wonju_health_medical_2026,clinic_2025-11-25,keep_current_master,true
wonju:13193028,bed_count,,0,wonju_health_medical_2026,clinic_2025-11-25,enrich_missing_field,false
wonju:13192728,category,병원,의원,wonju_health_medical_2026,clinic_2025-11-25,keep_current_master,true
wonju:13192728,bed_count,,28,wonju_health_medical_2026,clinic_2025-11-25,enrich_missing_field,false
wonju:13192908,category,한의원,의원,wonju_health_medical_2026,clinic_2025-11-25,keep_current_master,true
wonju:13192908,bed_count,,0,wonju_health_medical_2026,clinic_2025-11-25,enrich_missing_field,false
wonju:13192909,category,한의원,의원,wonju_health_medical_2026,clinic_2025-11-25,keep_current_master,true
wonju:13192909,bed_count,,0,wonju_health_medical_2026,clinic_2025-11-25,enrich_missing_field,false
wonju:13193029,category,치과,의원,wonju_health_medical_2026,clinic_2025-11-25,keep_current_master,true
wonju:13193029,bed_count,,0,wonju_health_medical_2026,clinic_2025-11-25,enrich_missing_field,false
wonju:13192729,category,병원,의원,wonju_health_medical_2026,clinic_2025-11-25,keep_current_master,true
wonju:13192729,bed_count,,0,wonju_health_medical_2026,clinic_2025-11-25,enrich_missing_field,false
wonju:13192730,category,병원,의원,wonju_health_medical_2026,clinic_2025-11-25,keep_current_master,true
wonju:13192730,bed_count,,0,wonju_health_medical_2026,clinic_2025-11-25,enrich_missing_field,false
wonju:13192910,category,한의원,의원,wonju_health_medical_2026,clinic_2025-11-25,keep_current_master,true
wonju:13192910,bed_count,,0,wonju_health_medical_2026,clinic_2025-11-25,enrich_missing_field,false
wonju:13192731,category,병원,의원,wonju_health_medical_2026,clinic_2025-11-25,keep_current_master,true
wonju:13192731,bed_count,,0,wonju_health_medical_2026,clinic_2025-11-25,enrich_missing_field,false
wonju:13193030,category,치과,의원,wonju_health_medical_2026,clinic_2025-11-25,keep_current_master,true
wonju:13193030,bed_count,,0,wonju_health_medical_2026,clinic_2025-11-25,enrich_missing_field,false
wonju:13192911,category,한의원,의원,wonju_health_medical_2026,clinic_2025-11-25,keep_current_master,true
wonju:13192911,bed_count,,0,wonju_health_medical_2026,clinic_2025-11-25,enrich_missing_field,false
wonju:13192912,category,한의원,의원,wonju_health_medical_2026,clinic_2025-11-25,keep_current_master,true
wonju:13192912,bed_count,,0,wonju_health_medical_2026,clinic_2025-11-25,enrich_missing_field,false
wonju:13192913,category,한의원,의원,wonju_health_medical_2026,clinic_2025-11-25,keep_current_master,true
wonju:13192913,bed_count,,0,wonju_health_medical_2026,clinic_2025-11-25,enrich_missing_field,false
wonju:13193031,category,치과,의원,wonju_health_medical_2026,clinic_2025-11-25,keep_current_master,true
wonju:13193031,bed_count,,0,wonju_health_medical_2026,clinic_2025-11-25,enrich_missing_field,false
wonju:13193032,category,치과,의원,wonju_health_medical_2026,clinic_2025-11-25,keep_current_master,true
wonju:13193032,bed_count,,0,wonju_health_medical_2026,clinic_2025-11-25,enrich_missing_field,false
wonju:13192914,category,한의원,의원,wonju_health_medical_2026,clinic_2025-11-25,keep_current_master,true
wonju:13192914,bed_count,,0,wonju_health_medical_2026,clinic_2025-11-25,enrich_missing_field,false
wonju:13192915,category,한의원,의원,wonju_health_medical_2026,clinic_2025-11-25,keep_current_master,true
wonju:13192915,bed_count,,0,wonju_health_medical_2026,clinic_2025-11-25,enrich_missing_field,false
wonju:13192732,category,병원,의원,wonju_health_medical_2026,clinic_2025-11-25,keep_current_master,true
wonju:13192732,bed_count,,2,wonju_health_medical_2026,clinic_2025-11-25,enrich_missing_field,false
wonju:13192916,category,한의원,의원,wonju_health_medical_2026,clinic_2025-11-25,keep_current_master,true
wonju:13192916,bed_count,,0,wonju_health_medical_2026,clinic_2025-11-25,enrich_missing_field,false
wonju:13192733,category,병원,의원,wonju_health_medical_2026,clinic_2025-11-25,keep_current_master,true
wonju:13192733,bed_count,,9,wonju_health_medical_2026,clinic_2025-11-25,enrich_missing_field,false
wonju:13193033,category,치과,의원,wonju_health_medical_2026,clinic_2025-11-25,keep_current_master,true
wonju:13193033,bed_count,,0,wonju_health_medical_2026,clinic_2025-11-25,enrich_missing_field,false
wonju:13193034,category,치과,의원,wonju_health_medical_2026,clinic_2025-11-25,keep_current_master,true
wonju:13193034,bed_count,,0,wonju_health_medical_2026,clinic_2025-11-25,enrich_missing_field,false
wonju:13192917,category,한의원,의원,wonju_health_medical_2026,clinic_2025-11-25,keep_current_master,true
wonju:13192917,bed_count,,0,wonju_health_medical_2026,clinic_2025-11-25,enrich_missing_field,false
wonju:13193035,category,치과,의원,wonju_health_medical_2026,clinic_2025-11-25,keep_current_master,true
wonju:13193035,bed_count,,0,wonju_health_medical_2026,clinic_2025-11-25,enrich_missing_field,false
wonju:13193036,category,치과,의원,wonju_health_medical_2026,clinic_2025-11-25,keep_current_master,true
wonju:13193036,bed_count,,0,wonju_health_medical_2026,clinic_2025-11-25,enrich_missing_field,false
wonju:13192918,category,한의원,의원,wonju_health_medical_2026,clinic_2025-11-25,keep_current_master,true
wonju:13192918,bed_count,,0,wonju_health_medical_2026,clinic_2025-11-25,enrich_missing_field,false
wonju:13192734,category,병원,의원,wonju_health_medical_2026,clinic_2025-11-25,keep_current_master,true
wonju:13192734,bed_count,,5,wonju_health_medical_2026,clinic_2025-11-25,enrich_missing_field,false
wonju:13192919,category,한의원,의원,wonju_health_medical_2026,clinic_2025-11-25,keep_current_master,true
wonju:13192919,bed_count,,0,wonju_health_medical_2026,clinic_2025-11-25,enrich_missing_field,false
wonju:13193037,category,치과,의원,wonju_health_medical_2026,clinic_2025-11-25,keep_current_master,true
wonju:13193037,bed_count,,0,wonju_health_medical_2026,clinic_2025-11-25,enrich_missing_field,false
wonju:13192735,category,병원,의원,wonju_health_medical_2026,clinic_2025-11-25,keep_current_master,true
wonju:13192735,bed_count,,2,wonju_health_medical_2026,clinic_2025-11-25,enrich_missing_field,false
wonju:13192736,category,병원,의원,wonju_health_medical_2026,clinic_2025-11-25,keep_current_master,true
wonju:13192736,bed_count,,0,wonju_health_medical_2026,clinic_2025-11-25,enrich_missing_field,false
wonju:13192920,category,한의원,의원,wonju_health_medical_2026,clinic_2025-11-25,keep_current_master,true
wonju:13192920,bed_count,,0,wonju_health_medical_2026,clinic_2025-11-25,enrich_missing_field,false
wonju:13192921,category,한의원,의원,wonju_health_medical_2026,clinic_2025-11-25,keep_current_master,true
wonju:13192921,bed_count,,0,wonju_health_medical_2026,clinic_2025-11-25,enrich_missing_field,false
wonju:13192737,category,병원,의원,wonju_health_medical_2026,clinic_2025-11-25,keep_current_master,true
wonju:13192737,bed_count,,0,wonju_health_medical_2026,clinic_2025-11-25,enrich_missing_field,false
wonju:13193038,category,치과,의원,wonju_health_medical_2026,clinic_2025-11-25,keep_current_master,true
wonju:13193038,bed_count,,0,wonju_health_medical_2026,clinic_2025-11-25,enrich_missing_field,false
wonju:13192738,category,병원,의원,wonju_health_medical_2026,clinic_2025-11-25,keep_current_master,true
wonju:13192738,bed_count,,0,wonju_health_medical_2026,clinic_2025-11-25,enrich_missing_field,false
wonju:13193039,category,치과,의원,wonju_health_medical_2026,clinic_2025-11-25,keep_current_master,true
wonju:13193039,bed_count,,0,wonju_health_medical_2026,clinic_2025-11-25,enrich_missing_field,false
wonju:13192739,category,병원,의원,wonju_health_medical_2026,clinic_2025-11-25,keep_current_master,true
wonju:13192739,bed_count,,0,wonju_health_medical_2026,clinic_2025-11-25,enrich_missing_field,false
wonju:13193040,category,치과,의원,wonju_health_medical_2026,clinic_2025-11-25,keep_current_master,true
wonju:13193040,bed_count,,0,wonju_health_medical_2026,clinic_2025-11-25,enrich_missing_field,false
wonju:13192740,category,병원,의원,wonju_health_medical_2026,clinic_2025-11-25,keep_current_master,true
wonju:13192740,bed_count,,2,wonju_health_medical_2026,clinic_2025-11-25,enrich_missing_field,false
wonju:13192741,category,병원,의원,wonju_health_medical_2026,clinic_2025-11-25,keep_current_master,true
wonju:13192741,bed_count,,0,wonju_health_medical_2026,clinic_2025-11-25,enrich_missing_field,false
wonju:13192742,category,병원,의원,wonju_health_medical_2026,clinic_2025-11-25,keep_current_master,true
wonju:13192742,bed_count,,0,wonju_health_medical_2026,clinic_2025-11-25,enrich_missing_field,false
wonju:13192743,category,병원,의원,wonju_health_medical_2026,clinic_2025-11-25,keep_current_master,true
wonju:13192743,bed_count,,0,wonju_health_medical_2026,clinic_2025-11-25,enrich_missing_field,false
wonju:13192922,category,한의원,의원,wonju_health_medical_2026,clinic_2025-11-25,keep_current_master,true
wonju:13192922,bed_count,,0,wonju_health_medical_2026,clinic_2025-11-25,enrich_missing_field,false
wonju:13192923,category,한의원,의원,wonju_health_medical_2026,clinic_2025-11-25,keep_current_master,true
wonju:13192923,bed_count,,0,wonju_health_medical_2026,clinic_2025-11-25,enrich_missing_field,false
wonju:13192744,category,병원,의원,wonju_health_medical_2026,clinic_2025-11-25,keep_current_master,true
wonju:13192744,bed_count,,0,wonju_health_medical_2026,clinic_2025-11-25,enrich_missing_field,false
wonju:13192745,category,병원,의원,wonju_health_medical_2026,clinic_2025-11-25,keep_current_master,true
wonju:13192745,bed_count,,0,wonju_health_medical_2026,clinic_2025-11-25,enrich_missing_field,false
wonju:13192746,category,병원,의원,wonju_health_medical_2026,clinic_2025-11-25,keep_current_master,true
wonju:13192746,bed_count,,0,wonju_health_medical_2026,clinic_2025-11-25,enrich_missing_field,false
wonju:13192747,category,병원,의원,wonju_health_medical_2026,clinic_2025-11-25,keep_current_master,true
wonju:13192747,bed_count,,0,wonju_health_medical_2026,clinic_2025-11-25,enrich_missing_field,false
wonju:13193041,category,치과,의원,wonju_health_medical_2026,clinic_2025-11-25,keep_current_master,true
wonju:13193041,bed_count,,0,wonju_health_medical_2026,clinic_2025-11-25,enrich_missing_field,false
wonju:13192748,category,병원,의원,wonju_health_medical_2026,clinic_2025-11-25,keep_current_master,true
wonju:13192748,bed_count,,0,wonju_health_medical_2026,clinic_2025-11-25,enrich_missing_field,false
wonju:13192924,category,한의원,의원,wonju_health_medical_2026,clinic_2025-11-25,keep_current_master,true
wonju:13192924,bed_count,,0,wonju_health_medical_2026,clinic_2025-11-25,enrich_missing_field,false
wonju:13192749,category,병원,의원,wonju_health_medical_2026,clinic_2025-11-25,keep_current_master,true
wonju:13192749,bed_count,,0,wonju_health_medical_2026,clinic_2025-11-25,enrich_missing_field,false
wonju:13192925,category,한의원,의원,wonju_health_medical_2026,clinic_2025-11-25,keep_current_master,true
wonju:13192925,bed_count,,0,wonju_health_medical_2026,clinic_2025-11-25,enrich_missing_field,false
wonju:13192750,category,병원,의원,wonju_health_medical_2026,clinic_2025-11-25,keep_current_master,true
wonju:13192750,bed_count,,0,wonju_health_medical_2026,clinic_2025-11-25,enrich_missing_field,false
wonju:13193042,category,치과,의원,wonju_health_medical_2026,clinic_2025-11-25,keep_current_master,true
wonju:13193042,bed_count,,0,wonju_health_medical_2026,clinic_2025-11-25,enrich_missing_field,false
wonju:13192926,category,한의원,의원,wonju_health_medical_2026,clinic_2025-11-25,keep_current_master,true
wonju:13192926,bed_count,,0,wonju_health_medical_2026,clinic_2025-11-25,enrich_missing_field,false
wonju:13193043,category,치과,의원,wonju_health_medical_2026,clinic_2025-11-25,keep_current_master,true
wonju:13193043,bed_count,,0,wonju_health_medical_2026,clinic_2025-11-25,enrich_missing_field,false
wonju:13192927,category,한의원,의원,wonju_health_medical_2026,clinic_2025-11-25,keep_current_master,true
wonju:13192927,bed_count,,0,wonju_health_medical_2026,clinic_2025-11-25,enrich_missing_field,false
wonju:13193044,category,치과,의원,wonju_health_medical_2026,clinic_2025-11-25,keep_current_master,true
wonju:13193044,bed_count,,0,wonju_health_medical_2026,clinic_2025-11-25,enrich_missing_field,false
wonju:13192928,category,한의원,의원,wonju_health_medical_2026,clinic_2025-11-25,keep_current_master,true
wonju:13192928,bed_count,,0,wonju_health_medical_2026,clinic_2025-11-25,enrich_missing_field,false
wonju:13192929,category,한의원,의원,wonju_health_medical_2026,clinic_2025-11-25,keep_current_master,true
wonju:13192929,bed_count,,0,wonju_health_medical_2026,clinic_2025-11-25,enrich_missing_field,false
wonju:13192751,category,병원,의원,wonju_health_medical_2026,clinic_2025-11-25,keep_current_master,true
wonju:13192751,bed_count,,10,wonju_health_medical_2026,clinic_2025-11-25,enrich_missing_field,false
wonju:13193045,category,치과,의원,wonju_health_medical_2026,clinic_2025-11-25,keep_current_master,true
wonju:13193045,bed_count,,0,wonju_health_medical_2026,clinic_2025-11-25,enrich_missing_field,false
wonju:13193083,category,치과,의원,wonju_health_medical_2026,clinic_2025-11-25,keep_current_master,true
wonju:13193083,bed_count,,0,wonju_health_medical_2026,clinic_2025-11-25,enrich_missing_field,false
wonju:13192752,category,병원,의원,wonju_health_medical_2026,clinic_2025-11-25,keep_current_master,true
wonju:13192752,bed_count,,0,wonju_health_medical_2026,clinic_2025-11-25,enrich_missing_field,false
wonju:13192753,category,병원,의원,wonju_health_medical_2026,clinic_2025-11-25,keep_current_master,true
wonju:13192753,bed_count,,0,wonju_health_medical_2026,clinic_2025-11-25,enrich_missing_field,false
wonju:13192754,category,병원,의원,wonju_health_medical_2026,clinic_2025-11-25,keep_current_master,true
wonju:13192754,bed_count,,0,wonju_health_medical_2026,clinic_2025-11-25,enrich_missing_field,false
wonju:13192930,category,한의원,의원,wonju_health_medical_2026,clinic_2025-11-25,keep_current_master,true
wonju:13192930,bed_count,,0,wonju_health_medical_2026,clinic_2025-11-25,enrich_missing_field,false
wonju:13192755,category,병원,의원,wonju_health_medical_2026,clinic_2025-11-25,keep_current_master,true
wonju:13192755,bed_count,,0,wonju_health_medical_2026,clinic_2025-11-25,enrich_missing_field,false
wonju:13192756,category,병원,의원,wonju_health_medical_2026,clinic_2025-11-25,keep_current_master,true
wonju:13192756,bed_count,,0,wonju_health_medical_2026,clinic_2025-11-25,enrich_missing_field,false
wonju:13192757,category,병원,의원,wonju_health_medical_2026,clinic_2025-11-25,keep_current_master,true
wonju:13192757,bed_count,,0,wonju_health_medical_2026,clinic_2025-11-25,enrich_missing_field,false
wonju:13192931,category,한의원,의원,wonju_health_medical_2026,clinic_2025-11-25,keep_current_master,true
wonju:13192931,bed_count,,0,wonju_health_medical_2026,clinic_2025-11-25,enrich_missing_field,false
wonju:13192932,category,한의원,의원,wonju_health_medical_2026,clinic_2025-11-25,keep_current_master,true
wonju:13192932,bed_count,,0,wonju_health_medical_2026,clinic_2025-11-25,enrich_missing_field,false
wonju:13192758,category,병원,의원,wonju_health_medical_2026,clinic_2025-11-25,keep_current_master,true
wonju:13192758,bed_count,,0,wonju_health_medical_2026,clinic_2025-11-25,enrich_missing_field,false
wonju:13193046,category,치과,의원,wonju_health_medical_2026,clinic_2025-11-25,keep_current_master,true
wonju:13193046,bed_count,,0,wonju_health_medical_2026,clinic_2025-11-25,enrich_missing_field,false
wonju:13192858,address,"강원특별자치도 원주시 원일로115번길 122, 7층 (일산동)","강원특별자치도 원주시 원일로115번길 12, 7층 (일산동)",wonju_health_medical_2026,clinic_2025-11-25,keep_current_master,true
wonju:13192858,category,병원,의원,wonju_health_medical_2026,clinic_2025-11-25,keep_current_master,true
wonju:13192858,bed_count,,6,wonju_health_medical_2026,clinic_2025-11-25,enrich_missing_field,false
wonju:13192759,category,병원,의원,wonju_health_medical_2026,clinic_2025-11-25,keep_current_master,true
wonju:13192759,bed_count,,4,wonju_health_medical_2026,clinic_2025-11-25,enrich_missing_field,false
wonju:13193047,category,치과,의원,wonju_health_medical_2026,clinic_2025-11-25,keep_current_master,true
wonju:13193047,bed_count,,0,wonju_health_medical_2026,clinic_2025-11-25,enrich_missing_field,false
wonju:13192933,category,한의원,의원,wonju_health_medical_2026,clinic_2025-11-25,keep_current_master,true
wonju:13192933,bed_count,,0,wonju_health_medical_2026,clinic_2025-11-25,enrich_missing_field,false
wonju:13192934,category,한의원,의원,wonju_health_medical_2026,clinic_2025-11-25,keep_current_master,true
wonju:13192934,bed_count,,0,wonju_health_medical_2026,clinic_2025-11-25,enrich_missing_field,false
wonju:13192760,category,병원,의원,wonju_health_medical_2026,clinic_2025-11-25,keep_current_master,true
wonju:13192760,bed_count,,29,wonju_health_medical_2026,clinic_2025-11-25,enrich_missing_field,false
wonju:13192761,category,병원,의원,wonju_health_medical_2026,clinic_2025-11-25,keep_current_master,true
wonju:13192761,bed_count,,0,wonju_health_medical_2026,clinic_2025-11-25,enrich_missing_field,false
wonju:13193048,category,치과,의원,wonju_health_medical_2026,clinic_2025-11-25,keep_current_master,true
wonju:13193048,bed_count,,0,wonju_health_medical_2026,clinic_2025-11-25,enrich_missing_field,false
wonju:13192935,category,한의원,의원,wonju_health_medical_2026,clinic_2025-11-25,keep_current_master,true
wonju:13192935,bed_count,,0,wonju_health_medical_2026,clinic_2025-11-25,enrich_missing_field,false
wonju:13192762,category,병원,의원,wonju_health_medical_2026,clinic_2025-11-25,keep_current_master,true
wonju:13192762,bed_count,,0,wonju_health_medical_2026,clinic_2025-11-25,enrich_missing_field,false
wonju:13193049,category,치과,의원,wonju_health_medical_2026,clinic_2025-11-25,keep_current_master,true
wonju:13193049,bed_count,,0,wonju_health_medical_2026,clinic_2025-11-25,enrich_missing_field,false
wonju:13193051,category,치과,의원,wonju_health_medical_2026,clinic_2025-11-25,keep_current_master,true
wonju:13193051,bed_count,,0,wonju_health_medical_2026,clinic_2025-11-25,enrich_missing_field,false
wonju:13193050,category,치과,의원,wonju_health_medical_2026,clinic_2025-11-25,keep_current_master,true
wonju:13193050,bed_count,,0,wonju_health_medical_2026,clinic_2025-11-25,enrich_missing_field,false
wonju:13192763,category,병원,의원,wonju_health_medical_2026,clinic_2025-11-25,keep_current_master,true
wonju:13192763,bed_count,,0,wonju_health_medical_2026,clinic_2025-11-25,enrich_missing_field,false
wonju:13192764,category,병원,의원,wonju_health_medical_2026,clinic_2025-11-25,keep_current_master,true
wonju:13192764,bed_count,,0,wonju_health_medical_2026,clinic_2025-11-25,enrich_missing_field,false
wonju:13192936,category,한의원,의원,wonju_health_medical_2026,clinic_2025-11-25,keep_current_master,true
wonju:13192936,bed_count,,0,wonju_health_medical_2026,clinic_2025-11-25,enrich_missing_field,false
wonju:13192937,category,한의원,의원,wonju_health_medical_2026,clinic_2025-11-25,keep_current_master,true
wonju:13192937,bed_count,,0,wonju_health_medical_2026,clinic_2025-11-25,enrich_missing_field,false
wonju:13192938,category,한의원,의원,wonju_health_medical_2026,clinic_2025-11-25,keep_current_master,true
wonju:13192938,bed_count,,0,wonju_health_medical_2026,clinic_2025-11-25,enrich_missing_field,false
wonju:13192939,category,한의원,의원,wonju_health_medical_2026,clinic_2025-11-25,keep_current_master,true
wonju:13192939,bed_count,,0,wonju_health_medical_2026,clinic_2025-11-25,enrich_missing_field,false
wonju:13192765,category,병원,의원,wonju_health_medical_2026,clinic_2025-11-25,keep_current_master,true
wonju:13192765,bed_count,,0,wonju_health_medical_2026,clinic_2025-11-25,enrich_missing_field,false
wonju:13192766,category,병원,의원,wonju_health_medical_2026,clinic_2025-11-25,keep_current_master,true
wonju:13192766,bed_count,,0,wonju_health_medical_2026,clinic_2025-11-25,enrich_missing_field,false
wonju:13192767,category,병원,의원,wonju_health_medical_2026,clinic_2025-11-25,keep_current_master,true
wonju:13192767,bed_count,,0,wonju_health_medical_2026,clinic_2025-11-25,enrich_missing_field,false
wonju:13192768,category,병원,의원,wonju_health_medical_2026,clinic_2025-11-25,keep_current_master,true
wonju:13192768,bed_count,,0,wonju_health_medical_2026,clinic_2025-11-25,enrich_missing_field,false
wonju:13193052,category,치과,의원,wonju_health_medical_2026,clinic_2025-11-25,keep_current_master,true
wonju:13193052,bed_count,,0,wonju_health_medical_2026,clinic_2025-11-25,enrich_missing_field,false
wonju:13192769,category,병원,의원,wonju_health_medical_2026,clinic_2025-11-25,keep_current_master,true
wonju:13192769,bed_count,,0,wonju_health_medical_2026,clinic_2025-11-25,enrich_missing_field,false
wonju:13192940,category,한의원,의원,wonju_health_medical_2026,clinic_2025-11-25,keep_current_master,true
wonju:13192940,bed_count,,0,wonju_health_medical_2026,clinic_2025-11-25,enrich_missing_field,false
wonju:13192770,category,병원,의원,wonju_health_medical_2026,clinic_2025-11-25,keep_current_master,true
wonju:13192770,bed_count,,0,wonju_health_medical_2026,clinic_2025-11-25,enrich_missing_field,false
wonju:13192771,category,병원,의원,wonju_health_medical_2026,clinic_2025-11-25,keep_current_master,true
wonju:13192771,bed_count,,0,wonju_health_medical_2026,clinic_2025-11-25,enrich_missing_field,false
wonju:13192772,category,병원,의원,wonju_health_medical_2026,clinic_2025-11-25,keep_current_master,true
wonju:13192772,bed_count,,0,wonju_health_medical_2026,clinic_2025-11-25,enrich_missing_field,false
wonju:13192941,category,한의원,의원,wonju_health_medical_2026,clinic_2025-11-25,keep_current_master,true
wonju:13192941,bed_count,,0,wonju_health_medical_2026,clinic_2025-11-25,enrich_missing_field,false
wonju:13192773,category,병원,의원,wonju_health_medical_2026,clinic_2025-11-25,keep_current_master,true
wonju:13192773,bed_count,,0,wonju_health_medical_2026,clinic_2025-11-25,enrich_missing_field,false
wonju:13192942,category,한의원,의원,wonju_health_medical_2026,clinic_2025-11-25,keep_current_master,true
wonju:13192942,bed_count,,0,wonju_health_medical_2026,clinic_2025-11-25,enrich_missing_field,false
wonju:13192943,category,한의원,의원,wonju_health_medical_2026,clinic_2025-11-25,keep_current_master,true
wonju:13192943,bed_count,,0,wonju_health_medical_2026,clinic_2025-11-25,enrich_missing_field,false
wonju:13192774,category,병원,의원,wonju_health_medical_2026,clinic_2025-11-25,keep_current_master,true
wonju:13192774,bed_count,,29,wonju_health_medical_2026,clinic_2025-11-25,enrich_missing_field,false
wonju:13192775,category,병원,의원,wonju_health_medical_2026,clinic_2025-11-25,keep_current_master,true
wonju:13192775,bed_count,,0,wonju_health_medical_2026,clinic_2025-11-25,enrich_missing_field,false
wonju:13192776,address,"강원특별자치도 원주시 무실로 8, 4층 (일산동, 명동프라자)","강원특별자치도 원주시 원일로115번길 12, 6층 (일산동)",wonju_health_medical_2026,clinic_2025-11-25,keep_current_master,true
wonju:13192776,category,병원,의원,wonju_health_medical_2026,clinic_2025-11-25,keep_current_master,true
wonju:13192776,bed_count,,2,wonju_health_medical_2026,clinic_2025-11-25,enrich_missing_field,false
wonju:13192777,category,병원,의원,wonju_health_medical_2026,clinic_2025-11-25,keep_current_master,true
wonju:13192777,bed_count,,0,wonju_health_medical_2026,clinic_2025-11-25,enrich_missing_field,false
wonju:13192778,category,병원,의원,wonju_health_medical_2026,clinic_2025-11-25,keep_current_master,true
wonju:13192778,bed_count,,0,wonju_health_medical_2026,clinic_2025-11-25,enrich_missing_field,false
wonju:13192779,category,병원,의원,wonju_health_medical_2026,clinic_2025-11-25,keep_current_master,true
wonju:13192779,bed_count,,0,wonju_health_medical_2026,clinic_2025-11-25,enrich_missing_field,false
wonju:13192780,category,병원,의원,wonju_health_medical_2026,clinic_2025-11-25,keep_current_master,true
wonju:13192780,bed_count,,0,wonju_health_medical_2026,clinic_2025-11-25,enrich_missing_field,false
wonju:13192944,category,한의원,의원,wonju_health_medical_2026,clinic_2025-11-25,keep_current_master,true
wonju:13192944,bed_count,,0,wonju_health_medical_2026,clinic_2025-11-25,enrich_missing_field,false
wonju:13192781,category,병원,의원,wonju_health_medical_2026,clinic_2025-11-25,keep_current_master,true
wonju:13192781,bed_count,,2,wonju_health_medical_2026,clinic_2025-11-25,enrich_missing_field,false
wonju:13192782,category,병원,의원,wonju_health_medical_2026,clinic_2025-11-25,keep_current_master,true
wonju:13192782,bed_count,,0,wonju_health_medical_2026,clinic_2025-11-25,enrich_missing_field,false
wonju:13192783,category,병원,의원,wonju_health_medical_2026,clinic_2025-11-25,keep_current_master,true
wonju:13192783,bed_count,,29,wonju_health_medical_2026,clinic_2025-11-25,enrich_missing_field,false
wonju:13192784,category,병원,의원,wonju_health_medical_2026,clinic_2025-11-25,keep_current_master,true
wonju:13192784,bed_count,,4,wonju_health_medical_2026,clinic_2025-11-25,enrich_missing_field,false
wonju:13192785,category,병원,의원,wonju_health_medical_2026,clinic_2025-11-25,keep_current_master,true
wonju:13192785,bed_count,,0,wonju_health_medical_2026,clinic_2025-11-25,enrich_missing_field,false
wonju:13193053,category,치과,의원,wonju_health_medical_2026,clinic_2025-11-25,keep_current_master,true
wonju:13193053,bed_count,,0,wonju_health_medical_2026,clinic_2025-11-25,enrich_missing_field,false
wonju:13192945,category,한의원,의원,wonju_health_medical_2026,clinic_2025-11-25,keep_current_master,true
wonju:13192945,bed_count,,0,wonju_health_medical_2026,clinic_2025-11-25,enrich_missing_field,false
wonju:13193054,category,치과,의원,wonju_health_medical_2026,clinic_2025-11-25,keep_current_master,true
wonju:13193054,bed_count,,0,wonju_health_medical_2026,clinic_2025-11-25,enrich_missing_field,false
wonju:13192786,category,병원,의원,wonju_health_medical_2026,clinic_2025-11-25,keep_current_master,true
wonju:13192786,bed_count,,0,wonju_health_medical_2026,clinic_2025-11-25,enrich_missing_field,false
wonju:13192787,category,병원,의원,wonju_health_medical_2026,clinic_2025-11-25,keep_current_master,true
wonju:13192787,bed_count,,9,wonju_health_medical_2026,clinic_2025-11-25,enrich_missing_field,false
wonju:13193055,category,치과,의원,wonju_health_medical_2026,clinic_2025-11-25,keep_current_master,true
wonju:13193055,bed_count,,0,wonju_health_medical_2026,clinic_2025-11-25,enrich_missing_field,false
wonju:13193056,category,치과,의원,wonju_health_medical_2026,clinic_2025-11-25,keep_current_master,true
wonju:13193056,bed_count,,0,wonju_health_medical_2026,clinic_2025-11-25,enrich_missing_field,false
wonju:13192946,category,한의원,의원,wonju_health_medical_2026,clinic_2025-11-25,keep_current_master,true
wonju:13192946,bed_count,,0,wonju_health_medical_2026,clinic_2025-11-25,enrich_missing_field,false
wonju:13192788,category,병원,의원,wonju_health_medical_2026,clinic_2025-11-25,keep_current_master,true
wonju:13192788,bed_count,,0,wonju_health_medical_2026,clinic_2025-11-25,enrich_missing_field,false
wonju:13192947,category,한의원,의원,wonju_health_medical_2026,clinic_2025-11-25,keep_current_master,true
wonju:13192947,bed_count,,0,wonju_health_medical_2026,clinic_2025-11-25,enrich_missing_field,false
wonju:13192789,category,병원,의원,wonju_health_medical_2026,clinic_2025-11-25,keep_current_master,true
wonju:13192789,bed_count,,0,wonju_health_medical_2026,clinic_2025-11-25,enrich_missing_field,false
wonju:13192972,category,한의원,의원,wonju_health_medical_2026,clinic_2025-11-25,keep_current_master,true
wonju:13192972,bed_count,,0,wonju_health_medical_2026,clinic_2025-11-25,enrich_missing_field,false
wonju:13192948,category,한의원,의원,wonju_health_medical_2026,clinic_2025-11-25,keep_current_master,true
wonju:13192948,bed_count,,0,wonju_health_medical_2026,clinic_2025-11-25,enrich_missing_field,false
wonju:13192790,category,병원,의원,wonju_health_medical_2026,clinic_2025-11-25,keep_current_master,true
wonju:13192790,bed_count,,0,wonju_health_medical_2026,clinic_2025-11-25,enrich_missing_field,false
wonju:13192791,category,병원,의원,wonju_health_medical_2026,clinic_2025-11-25,keep_current_master,true
wonju:13192791,bed_count,,0,wonju_health_medical_2026,clinic_2025-11-25,enrich_missing_field,false
wonju:13192792,category,병원,의원,wonju_health_medical_2026,clinic_2025-11-25,keep_current_master,true
wonju:13192792,bed_count,,0,wonju_health_medical_2026,clinic_2025-11-25,enrich_missing_field,false
wonju:13192793,category,병원,의원,wonju_health_medical_2026,clinic_2025-11-25,keep_current_master,true
wonju:13192793,bed_count,,0,wonju_health_medical_2026,clinic_2025-11-25,enrich_missing_field,false
wonju:13193057,category,치과,의원,wonju_health_medical_2026,clinic_2025-11-25,keep_current_master,true
wonju:13193057,bed_count,,0,wonju_health_medical_2026,clinic_2025-11-25,enrich_missing_field,false
wonju:13192949,category,한의원,의원,wonju_health_medical_2026,clinic_2025-11-25,keep_current_master,true
wonju:13192949,bed_count,,0,wonju_health_medical_2026,clinic_2025-11-25,enrich_missing_field,false
wonju:13192794,category,병원,의원,wonju_health_medical_2026,clinic_2025-11-25,keep_current_master,true
wonju:13192794,bed_count,,0,wonju_health_medical_2026,clinic_2025-11-25,enrich_missing_field,false
wonju:13192795,category,병원,의원,wonju_health_medical_2026,clinic_2025-11-25,keep_current_master,true
wonju:13192795,bed_count,,0,wonju_health_medical_2026,clinic_2025-11-25,enrich_missing_field,false
wonju:13192796,category,병원,의원,wonju_health_medical_2026,clinic_2025-11-25,keep_current_master,true
wonju:13192796,bed_count,,0,wonju_health_medical_2026,clinic_2025-11-25,enrich_missing_field,false
wonju:13192797,category,병원,의원,wonju_health_medical_2026,clinic_2025-11-25,keep_current_master,true
wonju:13192797,bed_count,,0,wonju_health_medical_2026,clinic_2025-11-25,enrich_missing_field,false
wonju:13192798,category,병원,의원,wonju_health_medical_2026,clinic_2025-11-25,keep_current_master,true
wonju:13192798,bed_count,,5,wonju_health_medical_2026,clinic_2025-11-25,enrich_missing_field,false
wonju:13192950,category,한의원,의원,wonju_health_medical_2026,clinic_2025-11-25,keep_current_master,true
wonju:13192950,bed_count,,0,wonju_health_medical_2026,clinic_2025-11-25,enrich_missing_field,false
wonju:13192951,category,한의원,의원,wonju_health_medical_2026,clinic_2025-11-25,keep_current_master,true
wonju:13192951,bed_count,,0,wonju_health_medical_2026,clinic_2025-11-25,enrich_missing_field,false
wonju:13192799,category,병원,의원,wonju_health_medical_2026,clinic_2025-11-25,keep_current_master,true
wonju:13192799,bed_count,,0,wonju_health_medical_2026,clinic_2025-11-25,enrich_missing_field,false
wonju:13192800,category,병원,의원,wonju_health_medical_2026,clinic_2025-11-25,keep_current_master,true
wonju:13192800,bed_count,,0,wonju_health_medical_2026,clinic_2025-11-25,enrich_missing_field,false
wonju:13192801,category,병원,의원,wonju_health_medical_2026,clinic_2025-11-25,keep_current_master,true
wonju:13192801,bed_count,,0,wonju_health_medical_2026,clinic_2025-11-25,enrich_missing_field,false
wonju:13192802,category,병원,의원,wonju_health_medical_2026,clinic_2025-11-25,keep_current_master,true
wonju:13192802,bed_count,,5,wonju_health_medical_2026,clinic_2025-11-25,enrich_missing_field,false
wonju:13192952,category,한의원,의원,wonju_health_medical_2026,clinic_2025-11-25,keep_current_master,true
wonju:13192952,bed_count,,0,wonju_health_medical_2026,clinic_2025-11-25,enrich_missing_field,false
wonju:13192803,category,병원,의원,wonju_health_medical_2026,clinic_2025-11-25,keep_current_master,true
wonju:13192803,bed_count,,24,wonju_health_medical_2026,clinic_2025-11-25,enrich_missing_field,false
wonju:13192953,category,한의원,의원,wonju_health_medical_2026,clinic_2025-11-25,keep_current_master,true
wonju:13192953,bed_count,,0,wonju_health_medical_2026,clinic_2025-11-25,enrich_missing_field,false
wonju:13192804,category,병원,의원,wonju_health_medical_2026,clinic_2025-11-25,keep_current_master,true
wonju:13192804,bed_count,,0,wonju_health_medical_2026,clinic_2025-11-25,enrich_missing_field,false
wonju:13192954,category,한의원,의원,wonju_health_medical_2026,clinic_2025-11-25,keep_current_master,true
wonju:13192954,bed_count,,0,wonju_health_medical_2026,clinic_2025-11-25,enrich_missing_field,false
wonju:13192955,category,한의원,의원,wonju_health_medical_2026,clinic_2025-11-25,keep_current_master,true
wonju:13192955,bed_count,,0,wonju_health_medical_2026,clinic_2025-11-25,enrich_missing_field,false
wonju:13192956,category,한의원,의원,wonju_health_medical_2026,clinic_2025-11-25,keep_current_master,true
wonju:13192956,bed_count,,0,wonju_health_medical_2026,clinic_2025-11-25,enrich_missing_field,false
wonju:13193058,category,치과,의원,wonju_health_medical_2026,clinic_2025-11-25,keep_current_master,true
wonju:13193058,bed_count,,0,wonju_health_medical_2026,clinic_2025-11-25,enrich_missing_field,false
wonju:13193059,category,치과,의원,wonju_health_medical_2026,clinic_2025-11-25,keep_current_master,true
wonju:13193059,bed_count,,0,wonju_health_medical_2026,clinic_2025-11-25,enrich_missing_field,false
wonju:13192957,category,한의원,의원,wonju_health_medical_2026,clinic_2025-11-25,keep_current_master,true
wonju:13192957,bed_count,,0,wonju_health_medical_2026,clinic_2025-11-25,enrich_missing_field,false
wonju:13192958,category,한의원,의원,wonju_health_medical_2026,clinic_2025-11-25,keep_current_master,true
wonju:13192958,bed_count,,0,wonju_health_medical_2026,clinic_2025-11-25,enrich_missing_field,false
wonju:13192805,category,병원,의원,wonju_health_medical_2026,clinic_2025-11-25,keep_current_master,true
wonju:13192805,bed_count,,0,wonju_health_medical_2026,clinic_2025-11-25,enrich_missing_field,false
wonju:13192806,category,병원,의원,wonju_health_medical_2026,clinic_2025-11-25,keep_current_master,true
wonju:13192806,bed_count,,4,wonju_health_medical_2026,clinic_2025-11-25,enrich_missing_field,false
wonju:13192959,category,한의원,의원,wonju_health_medical_2026,clinic_2025-11-25,keep_current_master,true
wonju:13192959,bed_count,,0,wonju_health_medical_2026,clinic_2025-11-25,enrich_missing_field,false
wonju:13192807,category,병원,의원,wonju_health_medical_2026,clinic_2025-11-25,keep_current_master,true
wonju:13192807,bed_count,,0,wonju_health_medical_2026,clinic_2025-11-25,enrich_missing_field,false
wonju:13192808,category,병원,의원,wonju_health_medical_2026,clinic_2025-11-25,keep_current_master,true
wonju:13192808,bed_count,,7,wonju_health_medical_2026,clinic_2025-11-25,enrich_missing_field,false
wonju:13192960,category,한의원,의원,wonju_health_medical_2026,clinic_2025-11-25,keep_current_master,true
wonju:13192960,bed_count,,0,wonju_health_medical_2026,clinic_2025-11-25,enrich_missing_field,false
wonju:13193060,category,치과,의원,wonju_health_medical_2026,clinic_2025-11-25,keep_current_master,true
wonju:13193060,bed_count,,0,wonju_health_medical_2026,clinic_2025-11-25,enrich_missing_field,false
wonju:13192809,category,병원,의원,wonju_health_medical_2026,clinic_2025-11-25,keep_current_master,true
wonju:13192809,bed_count,,0,wonju_health_medical_2026,clinic_2025-11-25,enrich_missing_field,false
wonju:13192810,category,병원,의원,wonju_health_medical_2026,clinic_2025-11-25,keep_current_master,true
wonju:13192810,bed_count,,29,wonju_health_medical_2026,clinic_2025-11-25,enrich_missing_field,false
wonju:13192811,category,병원,의원,wonju_health_medical_2026,clinic_2025-11-25,keep_current_master,true
wonju:13192811,bed_count,,0,wonju_health_medical_2026,clinic_2025-11-25,enrich_missing_field,false
wonju:13192812,category,병원,의원,wonju_health_medical_2026,clinic_2025-11-25,keep_current_master,true
wonju:13192812,bed_count,,10,wonju_health_medical_2026,clinic_2025-11-25,enrich_missing_field,false
wonju:13192813,category,병원,의원,wonju_health_medical_2026,clinic_2025-11-25,keep_current_master,true
wonju:13192813,bed_count,,4,wonju_health_medical_2026,clinic_2025-11-25,enrich_missing_field,false
wonju:13192961,category,한의원,의원,wonju_health_medical_2026,clinic_2025-11-25,keep_current_master,true
wonju:13192961,bed_count,,0,wonju_health_medical_2026,clinic_2025-11-25,enrich_missing_field,false
wonju:13192962,category,한의원,의원,wonju_health_medical_2026,clinic_2025-11-25,keep_current_master,true
wonju:13192962,bed_count,,0,wonju_health_medical_2026,clinic_2025-11-25,enrich_missing_field,false
wonju:13192814,category,병원,의원,wonju_health_medical_2026,clinic_2025-11-25,keep_current_master,true
wonju:13192814,bed_count,,0,wonju_health_medical_2026,clinic_2025-11-25,enrich_missing_field,false
wonju:13192815,category,병원,의원,wonju_health_medical_2026,clinic_2025-11-25,keep_current_master,true
wonju:13192815,bed_count,,0,wonju_health_medical_2026,clinic_2025-11-25,enrich_missing_field,false
wonju:13192816,category,병원,의원,wonju_health_medical_2026,clinic_2025-11-25,keep_current_master,true
wonju:13192816,bed_count,,0,wonju_health_medical_2026,clinic_2025-11-25,enrich_missing_field,false
wonju:13193061,category,치과,의원,wonju_health_medical_2026,clinic_2025-11-25,keep_current_master,true
wonju:13193061,bed_count,,0,wonju_health_medical_2026,clinic_2025-11-25,enrich_missing_field,false
wonju:13193062,category,치과,의원,wonju_health_medical_2026,clinic_2025-11-25,keep_current_master,true
wonju:13193062,bed_count,,0,wonju_health_medical_2026,clinic_2025-11-25,enrich_missing_field,false
wonju:13192817,category,병원,의원,wonju_health_medical_2026,clinic_2025-11-25,keep_current_master,true
wonju:13192817,bed_count,,0,wonju_health_medical_2026,clinic_2025-11-25,enrich_missing_field,false
wonju:13192818,category,병원,의원,wonju_health_medical_2026,clinic_2025-11-25,keep_current_master,true
wonju:13192818,bed_count,,0,wonju_health_medical_2026,clinic_2025-11-25,enrich_missing_field,false
wonju:13193063,category,치과,의원,wonju_health_medical_2026,clinic_2025-11-25,keep_current_master,true
wonju:13193063,bed_count,,0,wonju_health_medical_2026,clinic_2025-11-25,enrich_missing_field,false
wonju:13192819,category,병원,의원,wonju_health_medical_2026,clinic_2025-11-25,keep_current_master,true
wonju:13192819,bed_count,,0,wonju_health_medical_2026,clinic_2025-11-25,enrich_missing_field,false
wonju:13192820,category,병원,의원,wonju_health_medical_2026,clinic_2025-11-25,keep_current_master,true
wonju:13192820,bed_count,,0,wonju_health_medical_2026,clinic_2025-11-25,enrich_missing_field,false
wonju:13192963,category,한의원,의원,wonju_health_medical_2026,clinic_2025-11-25,keep_current_master,true
wonju:13192963,bed_count,,0,wonju_health_medical_2026,clinic_2025-11-25,enrich_missing_field,false
wonju:13192821,address,"강원특별자치도 원주시 원일로 89, 4,5층 (일산동, 대림빌딩)","강원특별자치도 원주시 평원로 76, 4,5층 (평원동)",wonju_health_medical_2026,clinic_2025-11-25,keep_current_master,true
wonju:13192821,category,병원,의원,wonju_health_medical_2026,clinic_2025-11-25,keep_current_master,true
wonju:13192821,bed_count,,0,wonju_health_medical_2026,clinic_2025-11-25,enrich_missing_field,false
wonju:13192822,category,병원,의원,wonju_health_medical_2026,clinic_2025-11-25,keep_current_master,true
wonju:13192822,bed_count,,0,wonju_health_medical_2026,clinic_2025-11-25,enrich_missing_field,false
wonju:13193064,category,치과,의원,wonju_health_medical_2026,clinic_2025-11-25,keep_current_master,true
wonju:13193064,bed_count,,0,wonju_health_medical_2026,clinic_2025-11-25,enrich_missing_field,false
wonju:13192964,category,한의원,의원,wonju_health_medical_2026,clinic_2025-11-25,keep_current_master,true
wonju:13192964,bed_count,,0,wonju_health_medical_2026,clinic_2025-11-25,enrich_missing_field,false
wonju:13193065,category,치과,의원,wonju_health_medical_2026,clinic_2025-11-25,keep_current_master,true
wonju:13193065,bed_count,,0,wonju_health_medical_2026,clinic_2025-11-25,enrich_missing_field,false
wonju:13192823,category,병원,의원,wonju_health_medical_2026,clinic_2025-11-25,keep_current_master,true
wonju:13192823,bed_count,,0,wonju_health_medical_2026,clinic_2025-11-25,enrich_missing_field,false
wonju:13192824,category,병원,의원,wonju_health_medical_2026,clinic_2025-11-25,keep_current_master,true
wonju:13192824,bed_count,,0,wonju_health_medical_2026,clinic_2025-11-25,enrich_missing_field,false
wonju:13192825,category,병원,의원,wonju_health_medical_2026,clinic_2025-11-25,keep_current_master,true
wonju:13192825,bed_count,,0,wonju_health_medical_2026,clinic_2025-11-25,enrich_missing_field,false
wonju:13193066,category,치과,의원,wonju_health_medical_2026,clinic_2025-11-25,keep_current_master,true
wonju:13193066,bed_count,,0,wonju_health_medical_2026,clinic_2025-11-25,enrich_missing_field,false
wonju:13193067,category,치과,의원,wonju_health_medical_2026,clinic_2025-11-25,keep_current_master,true
wonju:13193067,bed_count,,0,wonju_health_medical_2026,clinic_2025-11-25,enrich_missing_field,false
wonju:13192826,category,병원,의원,wonju_health_medical_2026,clinic_2025-11-25,keep_current_master,true
wonju:13192826,bed_count,,29,wonju_health_medical_2026,clinic_2025-11-25,enrich_missing_field,false
wonju:13193068,category,치과,의원,wonju_health_medical_2026,clinic_2025-11-25,keep_current_master,true
wonju:13193068,bed_count,,0,wonju_health_medical_2026,clinic_2025-11-25,enrich_missing_field,false
wonju:13192827,category,병원,의원,wonju_health_medical_2026,clinic_2025-11-25,keep_current_master,true
wonju:13192827,bed_count,,1,wonju_health_medical_2026,clinic_2025-11-25,enrich_missing_field,false
wonju:13192828,category,병원,의원,wonju_health_medical_2026,clinic_2025-11-25,keep_current_master,true
wonju:13192828,bed_count,,0,wonju_health_medical_2026,clinic_2025-11-25,enrich_missing_field,false
wonju:13193069,category,치과,의원,wonju_health_medical_2026,clinic_2025-11-25,keep_current_master,true
wonju:13193069,bed_count,,0,wonju_health_medical_2026,clinic_2025-11-25,enrich_missing_field,false
wonju:13192829,category,병원,의원,wonju_health_medical_2026,clinic_2025-11-25,keep_current_master,true
wonju:13192829,bed_count,,0,wonju_health_medical_2026,clinic_2025-11-25,enrich_missing_field,false
wonju:13193070,category,치과,의원,wonju_health_medical_2026,clinic_2025-11-25,keep_current_master,true
wonju:13193070,bed_count,,0,wonju_health_medical_2026,clinic_2025-11-25,enrich_missing_field,false
wonju:13192965,category,한의원,의원,wonju_health_medical_2026,clinic_2025-11-25,keep_current_master,true
wonju:13192965,bed_count,,0,wonju_health_medical_2026,clinic_2025-11-25,enrich_missing_field,false
wonju:13193071,category,치과,의원,wonju_health_medical_2026,clinic_2025-11-25,keep_current_master,true
wonju:13193071,bed_count,,0,wonju_health_medical_2026,clinic_2025-11-25,enrich_missing_field,false
wonju:13192830,category,병원,의원,wonju_health_medical_2026,clinic_2025-11-25,keep_current_master,true
wonju:13192830,bed_count,,0,wonju_health_medical_2026,clinic_2025-11-25,enrich_missing_field,false
wonju:13192831,category,병원,의원,wonju_health_medical_2026,clinic_2025-11-25,keep_current_master,true
wonju:13192831,bed_count,,0,wonju_health_medical_2026,clinic_2025-11-25,enrich_missing_field,false
wonju:13193072,category,치과,의원,wonju_health_medical_2026,clinic_2025-11-25,keep_current_master,true
wonju:13193072,bed_count,,0,wonju_health_medical_2026,clinic_2025-11-25,enrich_missing_field,false
wonju:13192832,category,병원,의원,wonju_health_medical_2026,clinic_2025-11-25,keep_current_master,true
wonju:13192832,bed_count,,29,wonju_health_medical_2026,clinic_2025-11-25,enrich_missing_field,false
wonju:13193073,category,치과,의원,wonju_health_medical_2026,clinic_2025-11-25,keep_current_master,true
wonju:13193073,bed_count,,0,wonju_health_medical_2026,clinic_2025-11-25,enrich_missing_field,false
wonju:13193074,category,치과,의원,wonju_health_medical_2026,clinic_2025-11-25,keep_current_master,true
wonju:13193074,bed_count,,0,wonju_health_medical_2026,clinic_2025-11-25,enrich_missing_field,false
wonju:13192833,category,병원,의원,wonju_health_medical_2026,clinic_2025-11-25,keep_current_master,true
wonju:13192833,bed_count,,0,wonju_health_medical_2026,clinic_2025-11-25,enrich_missing_field,false
wonju:13192966,category,한의원,의원,wonju_health_medical_2026,clinic_2025-11-25,keep_current_master,true
wonju:13192966,bed_count,,0,wonju_health_medical_2026,clinic_2025-11-25,enrich_missing_field,false
wonju:13192967,category,한의원,의원,wonju_health_medical_2026,clinic_2025-11-25,keep_current_master,true
wonju:13192967,bed_count,,0,wonju_health_medical_2026,clinic_2025-11-25,enrich_missing_field,false
wonju:13193075,category,치과,의원,wonju_health_medical_2026,clinic_2025-11-25,keep_current_master,true
wonju:13193075,bed_count,,0,wonju_health_medical_2026,clinic_2025-11-25,enrich_missing_field,false
wonju:13192834,category,병원,의원,wonju_health_medical_2026,clinic_2025-11-25,keep_current_master,true
wonju:13192834,bed_count,,0,wonju_health_medical_2026,clinic_2025-11-25,enrich_missing_field,false
wonju:13192835,category,병원,의원,wonju_health_medical_2026,clinic_2025-11-25,keep_current_master,true
wonju:13192835,bed_count,,0,wonju_health_medical_2026,clinic_2025-11-25,enrich_missing_field,false
wonju:13192836,category,병원,의원,wonju_health_medical_2026,clinic_2025-11-25,keep_current_master,true
wonju:13192836,bed_count,,0,wonju_health_medical_2026,clinic_2025-11-25,enrich_missing_field,false
wonju:13192837,category,병원,의원,wonju_health_medical_2026,clinic_2025-11-25,keep_current_master,true
wonju:13192837,bed_count,,0,wonju_health_medical_2026,clinic_2025-11-25,enrich_missing_field,false
wonju:13193076,category,치과,의원,wonju_health_medical_2026,clinic_2025-11-25,keep_current_master,true
wonju:13193076,bed_count,,0,wonju_health_medical_2026,clinic_2025-11-25,enrich_missing_field,false
wonju:13193077,category,치과,의원,wonju_health_medical_2026,clinic_2025-11-25,keep_current_master,true
wonju:13193077,bed_count,,0,wonju_health_medical_2026,clinic_2025-11-25,enrich_missing_field,false
wonju:13192838,category,병원,의원,wonju_health_medical_2026,clinic_2025-11-25,keep_current_master,true
wonju:13192838,bed_count,,0,wonju_health_medical_2026,clinic_2025-11-25,enrich_missing_field,false
wonju:13192839,category,병원,의원,wonju_health_medical_2026,clinic_2025-11-25,keep_current_master,true
wonju:13192839,bed_count,,18,wonju_health_medical_2026,clinic_2025-11-25,enrich_missing_field,false
wonju:13193078,category,치과,의원,wonju_health_medical_2026,clinic_2025-11-25,keep_current_master,true
wonju:13193078,bed_count,,0,wonju_health_medical_2026,clinic_2025-11-25,enrich_missing_field,false
wonju:13192840,category,병원,의원,wonju_health_medical_2026,clinic_2025-11-25,keep_current_master,true
wonju:13192840,bed_count,,0,wonju_health_medical_2026,clinic_2025-11-25,enrich_missing_field,false
wonju:13192841,category,병원,의원,wonju_health_medical_2026,clinic_2025-11-25,keep_current_master,true
wonju:13192841,bed_count,,0,wonju_health_medical_2026,clinic_2025-11-25,enrich_missing_field,false
wonju:13193079,category,치과,의원,wonju_health_medical_2026,clinic_2025-11-25,keep_current_master,true
wonju:13193079,bed_count,,0,wonju_health_medical_2026,clinic_2025-11-25,enrich_missing_field,false
wonju:13192842,category,병원,의원,wonju_health_medical_2026,clinic_2025-11-25,keep_current_master,true
wonju:13192842,bed_count,,29,wonju_health_medical_2026,clinic_2025-11-25,enrich_missing_field,false
wonju:13192843,category,병원,의원,wonju_health_medical_2026,clinic_2025-11-25,keep_current_master,true
wonju:13192843,bed_count,,27,wonju_health_medical_2026,clinic_2025-11-25,enrich_missing_field,false
wonju:13192844,category,병원,의원,wonju_health_medical_2026,clinic_2025-11-25,keep_current_master,true
wonju:13192844,bed_count,,0,wonju_health_medical_2026,clinic_2025-11-25,enrich_missing_field,false
wonju:13192845,category,병원,의원,wonju_health_medical_2026,clinic_2025-11-25,keep_current_master,true
wonju:13192845,bed_count,,0,wonju_health_medical_2026,clinic_2025-11-25,enrich_missing_field,false
wonju:13192846,category,병원,의원,wonju_health_medical_2026,clinic_2025-11-25,keep_current_master,true
wonju:13192846,bed_count,,0,wonju_health_medical_2026,clinic_2025-11-25,enrich_missing_field,false
wonju:13192847,category,병원,의원,wonju_health_medical_2026,clinic_2025-11-25,keep_current_master,true
wonju:13192847,bed_count,,0,wonju_health_medical_2026,clinic_2025-11-25,enrich_missing_field,false
wonju:13192968,category,한의원,의원,wonju_health_medical_2026,clinic_2025-11-25,keep_current_master,true
wonju:13192968,bed_count,,0,wonju_health_medical_2026,clinic_2025-11-25,enrich_missing_field,false
wonju:13192848,category,병원,의원,wonju_health_medical_2026,clinic_2025-11-25,keep_current_master,true
wonju:13192848,bed_count,,0,wonju_health_medical_2026,clinic_2025-11-25,enrich_missing_field,false
wonju:13192849,category,병원,의원,wonju_health_medical_2026,clinic_2025-11-25,keep_current_master,true
wonju:13192849,bed_count,,15,wonju_health_medical_2026,clinic_2025-11-25,enrich_missing_field,false
wonju:13192598,name,연세명인병원,연세명인요양병원,wonju_health_medical_2026,mental_2022-08-13,keep_current_master,true
wonju:13192598,address,"강원특별자치도 원주시 평원로 100-0 (학성동, (학성동))",강원도 원주시 평원로 100,wonju_health_medical_2026,mental_2022-08-13,keep_current_master,true
wonju:13192598,category,병원,요양병원,wonju_health_medical_2026,mental_2022-08-13,keep_current_master,true
wonju:13192598,mental_health_type,,long_term_care_hospital,wonju_health_medical_2026,mental_2022-08-13,enrich_missing_field,false
wonju:13192621,address,강원특별자치도 원주시 문막읍 문막시장1길 16,강원도 원주시 문막읍 문막시장1길 16,wonju_health_medical_2026,mental_2022-08-13,keep_current_master,true
wonju:13192621,mental_health_type,,long_term_care_hospital,wonju_health_medical_2026,mental_2022-08-13,enrich_missing_field,false
wonju:13192622,address,강원특별자치도 원주시 치악로1604번길 22 (단구동),강원도 원주시 치악로1604번길 22,wonju_health_medical_2026,mental_2022-08-13,keep_current_master,true
wonju:13192622,mental_health_type,,long_term_care_hospital,wonju_health_medical_2026,mental_2022-08-13,enrich_missing_field,false
wonju:13192623,address,강원특별자치도 원주시 북원로 2636 (태장동),강원도 원주시 북원로 2636,wonju_health_medical_2026,mental_2022-08-13,keep_current_master,true
wonju:13192623,mental_health_type,,long_term_care_hospital,wonju_health_medical_2026,mental_2022-08-13,enrich_missing_field,false
wonju:13192625,address,강원특별자치도 원주시 남원로 631 (명륜동),강원도 원주시 남원로 631,wonju_health_medical_2026,mental_2022-08-13,keep_current_master,true
wonju:13192625,mental_health_type,,long_term_care_hospital,wonju_health_medical_2026,mental_2022-08-13,enrich_missing_field,false
wonju:13192626,address,강원특별자치도 원주시 판부면 치악로 1139 (원주실버요양병원),강원도 원주시 판부면 치악로 1139,wonju_health_medical_2026,mental_2022-08-13,keep_current_master,true
wonju:13192626,mental_health_type,,long_term_care_hospital,wonju_health_medical_2026,mental_2022-08-13,enrich_missing_field,false
wonju:13192838,name,강봉선신경정신과의원,강봉선신경정신과,wonju_health_medical_2026,mental_2022-08-13,keep_current_master,true
wonju:13192838,address,"강원특별자치도 원주시 서원대로 383, 3층 401호 (개운동, 한신프라자)",강원도 원주시 서원대로 383,wonju_health_medical_2026,mental_2022-08-13,keep_current_master,true
wonju:13192838,category,병원,의원,wonju_health_medical_2026,mental_2022-08-13,keep_current_master,true
wonju:13192838,mental_health_type,,의원,wonju_health_medical_2026,mental_2022-08-13,enrich_missing_field,false
wonju:13192702,name,나다운 정신건강의학과의원,마음사랑정신건강의학과 의원,wonju_health_medical_2026,mental_2022-08-13,keep_current_master,true
wonju:13192702,address,강원특별자치도 원주시 평원로 62 (평원동),강원도 원주시 평원로 62,wonju_health_medical_2026,mental_2022-08-13,keep_current_master,true
wonju:13192702,category,병원,의원,wonju_health_medical_2026,mental_2022-08-13,keep_current_master,true
wonju:13192702,mental_health_type,,의원,wonju_health_medical_2026,mental_2022-08-13,enrich_missing_field,false
wonju:13192597,address,강원특별자치도 원주시 일산로 20 (일산동),강원도 원주시 일산로 20,wonju_health_medical_2026,mental_2022-08-13,keep_current_master,true
wonju:13192597,mental_health_type,,종합병원,wonju_health_medical_2026,mental_2022-08-13,enrich_missing_field,false
wonju:13192596,name,강원특별자치도원주의료원,강원도원주의료원,wonju_health_medical_2026,mental_2022-08-13,keep_current_master,true
wonju:13192596,address,"강원특별자치도 원주시 서원대로 387 (개운동, 지방공사강원도원주의료원)",강원도 원주시 서원대로 387,wonju_health_medical_2026,mental_2022-08-13,keep_current_master,true
wonju:13192596,phone,033-761-6911,033-760-4500,wonju_health_medical_2026,mental_2022-08-13,keep_current_master,true
wonju:13192596,mental_health_type,,종합병원,wonju_health_medical_2026,mental_2022-08-13,enrich_missing_field,false
wonju:13192600,name,의료법인삼산의료재단 삼산병원,원주세인트병원,wonju_health_medical_2026,mental_2022-08-13,keep_current_master,true
wonju:13192600,address,강원특별자치도 원주시 혁신로 5 (반곡동),강원도 원주시 혁신로 5,wonju_health_medical_2026,mental_2022-08-13,keep_current_master,true
wonju:13192600,category,병원,종합병원,wonju_health_medical_2026,mental_2022-08-13,keep_current_master,true
wonju:13192600,mental_health_type,,종합병원,wonju_health_medical_2026,mental_2022-08-13,enrich_missing_field,false
wonju:13192846,address,강원특별자치도 원주시 원일로 150-1 (학성동),강원도 원주시 원일로 150-1,wonju_health_medical_2026,mental_2022-08-13,keep_current_master,true
wonju:13192846,category,병원,의원,wonju_health_medical_2026,mental_2022-08-13,keep_current_master,true
wonju:13192846,mental_health_type,,의원,wonju_health_medical_2026,mental_2022-08-13,enrich_missing_field,false
wonju:13192823,address,"강원특별자치도 원주시 원일로 114, 2층 (중앙동)",강원도 원주시 원일로 114,wonju_health_medical_2026,mental_2022-08-13,keep_current_master,true
wonju:13192823,category,병원,의원,wonju_health_medical_2026,mental_2022-08-13,keep_current_master,true
wonju:13192823,mental_health_type,,의원,wonju_health_medical_2026,mental_2022-08-13,enrich_missing_field,false
wonju:13192673,name,마음편한정신건강의학과의원,마음편한정신의학과,wonju_health_medical_2026,mental_2022-08-13,keep_current_master,true
wonju:13192673,address,"강원특별자치도 원주시 서원대로 406, 503호 (단구동)",강원도 원주시 서원대로 406,wonju_health_medical_2026,mental_2022-08-13,keep_current_master,true
wonju:13192673,category,병원,의원,wonju_health_medical_2026,mental_2022-08-13,keep_current_master,true
wonju:13192673,mental_health_type,,의원,wonju_health_medical_2026,mental_2022-08-13,enrich_missing_field,false
wonju:13192691,name,좋은 마음 정신건강의학과 의원,좋은마음정신건강의학과의원,wonju_health_medical_2026,mental_2022-08-13,keep_current_master,true
wonju:13192691,address,"강원특별자치도 원주시 서원대로 162, 601호 (단계동)",강원도 원주시 서원대로 162,wonju_health_medical_2026,mental_2022-08-13,keep_current_master,true
wonju:13192691,category,병원,의원,wonju_health_medical_2026,mental_2022-08-13,keep_current_master,true
wonju:13192691,mental_health_type,,의원,wonju_health_medical_2026,mental_2022-08-13,enrich_missing_field,false
wonju:13192705,name,고석만정신건강의학과의원,고석만정신건강의학과,wonju_health_medical_2026,mental_2022-08-13,keep_current_master,true
wonju:13192705,address,"강원특별자치도 원주시 능라동길 59 (무실동, 정한프라자 509호)",강원도 원주시 능라동길 59,wonju_health_medical_2026,mental_2022-08-13,keep_current_master,true
wonju:13192705,category,병원,의원,wonju_health_medical_2026,mental_2022-08-13,keep_current_master,true
wonju:13192705,mental_health_type,,의원,wonju_health_medical_2026,mental_2022-08-13,enrich_missing_field,false
wonju:13192745,name,연세소울정신건강의학과의원,연세소울 정신건강의학과의원,wonju_health_medical_2026,mental_2022-08-13,keep_current_master,true
wonju:13192745,address,"강원특별자치도 원주시 능라동길 3 (무실동, 5층 501호)",강원도 원주시 능라동길 3,wonju_health_medical_2026,mental_2022-08-13,keep_current_master,true
wonju:13192745,phone,033-762-9960,033-762-9964,wonju_health_medical_2026,mental_2022-08-13,keep_current_master,true
wonju:13192745,category,병원,의원,wonju_health_medical_2026,mental_2022-08-13,keep_current_master,true
wonju:13192745,mental_health_type,,의원,wonju_health_medical_2026,mental_2022-08-13,enrich_missing_field,false
wonju:13192700,name,하늘빛 정신건강의학과 의원,하늘빛정신건강의학과의원,wonju_health_medical_2026,mental_2022-08-13,keep_current_master,true
wonju:13192700,address,"강원특별자치도 원주시 능라동길 61, 5층 (무실동, 정한타워)",강원도 원주시 능라동길 61,wonju_health_medical_2026,mental_2022-08-13,keep_current_master,true
wonju:13192700,category,병원,의원,wonju_health_medical_2026,mental_2022-08-13,keep_current_master,true
wonju:13192700,mental_health_type,,의원,wonju_health_medical_2026,mental_2022-08-13,enrich_missing_field,false
wonju:13195042,address,"강원특별자치도 원주시 남산로 105, 201호 (일산동)","강원특별자치도 원주시 원문로 166, 임주희미용실 2층 (단계동)",wonju_health_medical_2026,dental_lab_2023-06-12,keep_current_master,true
